K_global,mode,median_forward_us,median_envelope_us,median_paired_delta_us,median_paired_overhead_percent,overhead_p25,overhead_p75,overhead_p95,screening,hparams
2048,off,312.048003077507,315.5839890241623,0.0,0.0,0.0,0.0,0.0,PASS_MEDIAN_5_PERCENT,64x64x32_16x8x16_streamksk_nil_128x128x32_gemmstreamk_3_rasterheuristic
2048,producer_sparse,312.4319911003113,315.90399146080017,-5.184009671211243,-1.6747846632777674,-6.118165412567101,6.479824298546233,12.712697715765263,PASS_MEDIAN_5_PERCENT,64x64x32_16x8x16_streamksk_nil_128x128x32_gemmstreamk_3_rasterheuristic
2048,publication_sparse,314.65600430965424,318.1280046701431,1.9199997186660767,0.6243987359168535,-7.1660205736715445,7.215982037034118,17.402290869252955,PASS_MEDIAN_5_PERCENT,64x64x32_16x8x16_streamksk_nil_128x128x32_gemmstreamk_3_rasterheuristic
2048,receiver_sparse,318.60800087451935,322.08000123500824,9.471997618675232,3.090663479862321,-4.211968208806976,6.907689530393762,15.8686910063073,PASS_MEDIAN_5_PERCENT,64x64x32_16x8x16_streamksk_nil_128x128x32_gemmstreamk_3_rasterheuristic
2048,receiver_dense,335.63199639320374,339.07200396060944,30.59200942516327,10.1175032858276,2.735790661416415,11.886485199782438,19.119970039085576,HIGH_PERTURBATION,64x64x32_16x8x16_streamksk_nil_128x128x32_gemmstreamk_3_rasterheuristic
8192,off,666.6240096092224,670.4320013523102,0.0,0.0,0.0,0.0,0.0,PASS_MEDIAN_5_PERCENT,64x64x32_16x8x16_streamksk_nil_128x128x32_gemmstreamk_3_rasterheuristic
8192,producer_sparse,670.6079840660095,674.2079854011536,4.640012979507446,0.6960402105127161,-0.808166658690837,1.4168951705295196,3.0988660894833426,PASS_MEDIAN_5_PERCENT,64x64x32_16x8x16_streamksk_nil_128x128x32_gemmstreamk_3_rasterheuristic
8192,publication_sparse,667.8880155086517,671.4719831943512,3.183990716934204,0.4782674767185968,-0.6936322480605717,2.0733724487885685,2.9713785089326286,PASS_MEDIAN_5_PERCENT,64x64x32_16x8x16_streamksk_nil_128x128x32_gemmstreamk_3_rasterheuristic
8192,receiver_sparse,678.2239973545074,681.7439794540405,11.408001184463501,1.7244067847377642,0.9021483191007262,2.7923079314843555,5.49866614763144,PASS_MEDIAN_5_PERCENT,64x64x32_16x8x16_streamksk_nil_128x128x32_gemmstreamk_3_rasterheuristic
8192,receiver_dense,675.2319931983948,678.736001253128,5.5519938468933105,0.8396001366544392,-0.14303734491082076,2.202305647231656,3.9723032443676036,PASS_MEDIAN_5_PERCENT,64x64x32_16x8x16_streamksk_nil_128x128x32_gemmstreamk_3_rasterheuristic
