K_global,mode,repeat,target_rank,tile,source0_all_fragments_observed_ns,source1_all_fragments_observed_ns,last_source,last_is_remote,observed_join_skew_us,all_observed_after_observer_start_us,max_poll_cycle_us,order_resolved_above_poll_cycle
2048,receiver_sparse,0,0,0,1790856439663185024,1790856439663313280,1,True,128.256,245.696,1.408,True
2048,receiver_sparse,0,0,256,1790856439663264832,1790856439663351136,1,True,86.304,283.552,1.408,True
2048,receiver_sparse,1,0,64,1790856439672034464,1790856439672121728,1,True,87.264,205.248,1.28,True
2048,receiver_sparse,1,0,320,1790856439672070304,1790856439672204384,1,True,134.08,287.904,1.28,True
2048,receiver_sparse,2,0,128,1790856439690489760,1790856439690596096,1,True,106.336,223.744,1.28,True
2048,receiver_sparse,2,0,384,1790856439690544000,1790856439690649984,1,True,105.984,277.632,1.28,True
2048,receiver_sparse,3,0,192,1790856439712233984,1790856439712344992,1,True,111.008,229.856,1.28,True
2048,receiver_sparse,3,0,448,1790856439712286176,1790856439712390752,1,True,104.576,275.616,1.28,True
2048,receiver_sparse,4,0,0,1790856439714972800,1790856439715073024,1,True,100.224,216.8,1.408,True
2048,receiver_sparse,4,0,256,1790856439715009088,1790856439715134976,1,True,125.888,278.752,1.408,True
2048,receiver_sparse,5,0,64,1790856439734136512,1790856439734228512,1,True,92.0,208.32,1.248,True
2048,receiver_sparse,5,0,320,1790856439734172256,1790856439734311040,1,True,138.784,290.848,1.248,True
2048,receiver_sparse,6,0,128,1790856439754042752,1790856439754130080,1,True,87.328,205.28,1.536,True
2048,receiver_sparse,6,0,384,1790856439754076576,1790856439754181248,1,True,104.672,256.448,1.536,True
2048,receiver_sparse,7,0,192,1790856439764932352,1790856439765051392,1,True,119.04,235.904,1.408,True
2048,receiver_sparse,7,0,448,1790856439764974336,1790856439765122304,1,True,147.968,306.816,1.408,True
2048,receiver_sparse,8,0,0,1790856439772406944,1790856439772504704,1,True,97.76,214.016,1.408,True
2048,receiver_sparse,8,0,256,1790856439772440576,1790856439772576864,1,True,136.288,286.176,1.408,True
2048,receiver_sparse,9,0,64,1790856439791817856,1790856439791939584,1,True,121.728,236.832,1.44,True
2048,receiver_sparse,9,0,320,1790856439791870080,1790856439791976672,1,True,106.592,273.92,1.44,True
2048,receiver_sparse,10,0,128,1790856439811867808,1790856439811978656,1,True,110.848,228.416,1.28,True
2048,receiver_sparse,10,0,384,1790856439811904512,1790856439812036992,1,True,132.48,286.752,1.28,True
2048,receiver_sparse,11,0,192,1790856439814632960,1790856439814740352,1,True,107.392,232.48,1.28,True
2048,receiver_sparse,11,0,448,1790856439814666752,1790856439814790528,1,True,123.776,282.656,1.28,True
2048,receiver_sparse,12,0,0,1790856439838453632,1790856439838585952,1,True,132.32,246.976,1.408,True
2048,receiver_sparse,12,0,256,1790856439838493568,1790856439838621792,1,True,128.224,282.816,1.408,True
2048,receiver_sparse,13,0,64,1790856439841191040,1790856439841295360,1,True,104.32,221.568,1.536,True
2048,receiver_sparse,13,0,320,1790856439841227296,1790856439841364096,1,True,136.8,290.304,1.536,True
2048,receiver_sparse,14,0,128,1790856439856952832,1790856439857052832,1,True,100.0,216.288,1.408,True
2048,receiver_sparse,14,0,384,1790856439856986624,1790856439857115648,1,True,129.024,279.104,1.408,True
2048,receiver_sparse,15,0,192,1790856439867802208,1790856439867930880,1,True,128.672,244.704,1.408,True
2048,receiver_sparse,15,0,448,1790856439867837568,1790856439867960448,1,True,122.88,274.272,1.408,True
2048,receiver_sparse,16,0,0,1790856439883554816,1790856439883646240,1,True,91.424,207.456,1.28,True
2048,receiver_sparse,16,0,256,1790856439883591712,1790856439883709792,1,True,118.08,271.008,1.28,True
2048,receiver_sparse,17,0,64,1790856439894446976,1790856439894552576,1,True,105.6,223.168,1.536,True
2048,receiver_sparse,17,0,320,1790856439894484928,1790856439894615776,1,True,130.848,286.368,1.536,True
2048,receiver_sparse,18,0,128,1790856439909937440,1790856439909896864,0,False,40.576,119.04,1.28,True
2048,receiver_sparse,18,0,384,1790856439909975584,1790856439909953792,0,False,21.792,157.184,1.28,True
2048,receiver_sparse,19,0,192,1790856439924841984,1790856439924968640,1,True,126.656,243.968,1.408,True
2048,receiver_sparse,19,0,448,1790856439924892160,1790856439925028704,1,True,136.544,304.032,1.408,True
2048,receiver_sparse,0,1,512,1790856394991806624,1790856394991703584,0,True,103.04,221.056,1.664,True
2048,receiver_sparse,0,1,768,1790856394991845760,1790856394991763456,0,True,82.304,260.192,1.664,True
2048,receiver_sparse,1,1,576,1790856395000616704,1790856395000551104,0,True,65.6,186.144,1.536,True
2048,receiver_sparse,1,1,832,1790856395000684800,1790856395000588576,0,True,96.224,254.24,1.536,True
2048,receiver_sparse,2,1,640,1790856395019081760,1790856395019008576,0,True,73.184,192.64,1.664,True
2048,receiver_sparse,2,1,896,1790856395019135616,1790856395019044928,0,True,90.688,246.496,1.664,True
2048,receiver_sparse,3,1,704,1790856395040834720,1790856395040753856,0,True,80.864,200.416,1.408,True
2048,receiver_sparse,3,1,960,1790856395040875648,1790856395040787936,0,True,87.712,241.344,1.408,True
2048,receiver_sparse,4,1,512,1790856395043580192,1790856395043492480,0,True,87.712,205.728,1.408,True
2048,receiver_sparse,4,1,768,1790856395043625696,1790856395043529024,0,True,96.672,251.232,1.408,True
2048,receiver_sparse,5,1,576,1790856395062718784,1790856395062657184,0,True,61.6,179.84,1.792,True
2048,receiver_sparse,5,1,832,1790856395062774016,1790856395062693312,0,True,80.704,235.072,1.792,True
2048,receiver_sparse,6,1,640,1790856395082623392,1790856395082550080,0,True,73.312,193.056,1.632,True
2048,receiver_sparse,6,1,896,1790856395082692608,1790856395082580128,0,True,112.48,262.272,1.632,True
2048,receiver_sparse,7,1,704,1790856395093574528,1790856395093454912,0,True,119.616,240.384,1.536,True
2048,receiver_sparse,7,1,960,1790856395093616768,1790856395093500160,0,True,116.608,282.624,1.536,True
2048,receiver_sparse,8,1,512,1790856395101002048,1790856395100924288,0,True,77.76,193.824,1.536,True
2048,receiver_sparse,8,1,768,1790856395101053280,1790856395100962304,0,True,90.976,245.056,1.536,True
2048,receiver_sparse,9,1,576,1790856395120414208,1790856395120316960,0,True,97.248,216.896,1.504,True
2048,receiver_sparse,9,1,832,1790856395120471680,1790856395120360992,0,True,110.688,274.368,1.504,True
2048,receiver_sparse,10,1,640,1790856395140470816,1790856395140384576,0,True,86.24,205.056,2.08,True
2048,receiver_sparse,10,1,896,1790856395140524544,1790856395140424256,0,True,100.288,258.784,2.08,True
2048,receiver_sparse,11,1,704,1790856395143254656,1790856395143133120,0,True,121.536,248.544,1.536,True
2048,receiver_sparse,11,1,960,1790856395143284352,1790856395143167456,0,True,116.896,278.24,1.536,True
2048,receiver_sparse,12,1,512,1790856395167071520,1790856395166971936,0,True,99.584,216.032,1.536,True
2048,receiver_sparse,12,1,768,1790856395167113696,1790856395167040576,0,True,73.12,258.208,1.536,True
2048,receiver_sparse,13,1,576,1790856395169773728,1790856395169709760,0,True,63.968,182.176,1.536,True
2048,receiver_sparse,13,1,832,1790856395169835136,1790856395169747872,0,True,87.264,243.584,1.536,True
2048,receiver_sparse,14,1,640,1790856395185540256,1790856395185449472,0,True,90.784,208.448,1.792,True
2048,receiver_sparse,14,1,896,1790856395185616640,1790856395185485664,0,True,130.976,284.832,1.792,True
2048,receiver_sparse,15,1,704,1790856395196429440,1790856395196325664,0,True,103.776,222.688,1.664,True
2048,receiver_sparse,15,1,960,1790856395196474240,1790856395196364864,0,True,109.376,267.488,1.664,True
2048,receiver_sparse,16,1,512,1790856395212140864,1790856395212073856,0,True,67.008,185.536,1.408,True
2048,receiver_sparse,16,1,768,1790856395212224384,1790856395212111936,0,True,112.448,269.056,1.408,True
2048,receiver_sparse,17,1,576,1790856395223046176,1790856395222952384,0,True,93.792,210.08,1.376,True
2048,receiver_sparse,17,1,832,1790856395223097088,1790856395222989664,0,True,107.424,260.992,1.376,True
2048,receiver_sparse,18,1,640,1790856395238518048,1790856395238313024,0,True,205.024,326.912,1.536,True
2048,receiver_sparse,18,1,896,1790856395238577280,1790856395238350784,0,True,226.496,386.144,1.536,True
2048,receiver_sparse,19,1,704,1790856395253475264,1790856395253361088,0,True,114.176,233.92,1.76,True
2048,receiver_sparse,19,1,960,1790856395253535872,1790856395253421856,0,True,114.016,294.528,1.76,True
2048,receiver_dense,0,0,0,1790856439657970112,1790856439658073504,1,True,103.392,222.464,1.408,True
2048,receiver_dense,0,0,64,1790856439657972256,1790856439658078496,1,True,106.24,227.456,1.408,True
2048,receiver_dense,0,0,128,1790856439657974432,1790856439658096000,1,True,121.568,244.96,1.408,True
2048,receiver_dense,0,0,192,1790856439657974432,1790856439658107904,1,True,133.472,256.864,1.408,True
2048,receiver_dense,0,0,256,1790856439658016512,1790856439658124416,1,True,107.904,273.376,1.408,True
2048,receiver_dense,0,0,320,1790856439658011168,1790856439658143872,1,True,132.704,292.832,1.408,True
2048,receiver_dense,0,0,384,1790856439658013344,1790856439658151040,1,True,137.696,300.0,1.408,True
2048,receiver_dense,0,0,448,1790856439658013344,1790856439658150144,1,True,136.8,299.104,1.408,True
2048,receiver_dense,1,0,16,1790856439682227520,1790856439682373664,1,True,146.144,282.048,1.536,True
2048,receiver_dense,1,0,80,1790856439682221280,1790856439682376832,1,True,155.552,285.216,1.536,True
2048,receiver_dense,1,0,144,1790856439682223424,1790856439682395168,1,True,171.744,303.552,1.536,True
2048,receiver_dense,1,0,208,1790856439682226464,1790856439682398208,1,True,171.744,306.592,1.536,True
2048,receiver_dense,1,0,272,1790856439682327328,1790856439682413824,1,True,86.496,322.208,1.536,True
2048,receiver_dense,1,0,336,1790856439682336928,1790856439682407584,1,True,70.656,315.968,1.536,True
2048,receiver_dense,1,0,400,1790856439682325152,1790856439682395264,1,True,70.112,303.648,1.536,True
2048,receiver_dense,1,0,464,1790856439682343584,1790856439682407584,1,True,64.0,315.968,1.536,True
2048,receiver_dense,2,0,32,1790856439686412576,1790856439686564192,1,True,151.616,277.568,1.408,True
2048,receiver_dense,2,0,96,1790856439686410272,1790856439686550912,1,True,140.64,264.288,1.408,True
2048,receiver_dense,2,0,160,1790856439686411424,1790856439686547840,1,True,136.416,261.216,1.408,True
2048,receiver_dense,2,0,224,1790856439686411424,1790856439686550912,1,True,139.488,264.288,1.408,True
2048,receiver_dense,2,0,288,1790856439686490144,1790856439686581632,1,True,91.488,295.008,1.408,True
2048,receiver_dense,2,0,352,1790856439686484544,1790856439686582656,1,True,98.112,296.032,1.408,True
2048,receiver_dense,2,0,416,1790856439686484544,1790856439686597280,1,True,112.736,310.656,1.408,True
2048,receiver_dense,2,0,480,1790856439686488000,1790856439686596352,1,True,108.352,309.728,1.408,True
2048,receiver_dense,3,0,48,1790856439700610208,1790856439700746368,1,True,136.16,272.288,1.536,True
2048,receiver_dense,3,0,112,1790856439700610208,1790856439700727936,1,True,117.728,253.856,1.536,True
2048,receiver_dense,3,0,176,1790856439700608032,1790856439700746368,1,True,138.336,272.288,1.536,True
2048,receiver_dense,3,0,240,1790856439700610208,1790856439700753408,1,True,143.2,279.328,1.536,True
2048,receiver_dense,3,0,304,1790856439700681536,1790856439700768864,1,True,87.328,294.784,1.536,True
2048,receiver_dense,3,0,368,1790856439700695104,1790856439700769888,1,True,74.784,295.808,1.536,True
2048,receiver_dense,3,0,432,1790856439700692896,1790856439700765792,1,True,72.896,291.712,1.536,True
2048,receiver_dense,3,0,496,1790856439700695104,1790856439700769888,1,True,74.784,295.808,1.536,True
2048,receiver_dense,4,0,0,1790856439718718880,1790856439718862368,1,True,143.488,267.168,1.408,True
2048,receiver_dense,4,0,64,1790856439718718880,1790856439718884224,1,True,165.344,289.024,1.408,True
2048,receiver_dense,4,0,128,1790856439718717728,1790856439718871808,1,True,154.08,276.608,1.408,True
2048,receiver_dense,4,0,192,1790856439718718880,1790856439718864512,1,True,145.632,269.312,1.408,True
2048,receiver_dense,4,0,256,1790856439718809696,1790856439718908800,1,True,99.104,313.6,1.408,True
2048,receiver_dense,4,0,320,1790856439718820000,1790856439718909824,1,True,89.824,314.624,1.408,True
2048,receiver_dense,4,0,384,1790856439718821216,1790856439718913408,1,True,92.192,318.208,1.408,True
2048,receiver_dense,4,0,448,1790856439718822336,1790856439718917120,1,True,94.784,321.92,1.408,True
2048,receiver_dense,5,0,16,1790856439739371168,1790856439739532416,1,True,161.248,296.32,1.536,True
2048,receiver_dense,5,0,80,1790856439739367872,1790856439739518112,1,True,150.24,282.016,1.536,True
2048,receiver_dense,5,0,144,1790856439739367872,1790856439739535360,1,True,167.488,299.264,1.536,True
2048,receiver_dense,5,0,208,1790856439739366688,1790856439739530336,1,True,163.648,294.24,1.536,True
2048,receiver_dense,5,0,272,1790856439739462720,1790856439739545696,1,True,82.976,309.6,1.536,True
2048,receiver_dense,5,0,336,1790856439739474240,1790856439739538560,1,True,64.32,302.464,1.536,True
2048,receiver_dense,5,0,400,1790856439739457312,1790856439739551104,1,True,93.792,315.008,1.536,True
2048,receiver_dense,5,0,464,1790856439739464896,1790856439739546624,1,True,81.728,310.528,1.536,True
2048,receiver_dense,6,0,32,1790856439743496384,1790856439743634592,1,True,138.208,258.24,1.312,True
2048,receiver_dense,6,0,96,1790856439743496384,1790856439743644000,1,True,147.616,267.648,1.312,True
2048,receiver_dense,6,0,160,1790856439743498560,1790856439743658272,1,True,159.712,281.92,1.312,True
2048,receiver_dense,6,0,224,1790856439743499648,1790856439743637760,1,True,138.112,261.408,1.312,True
2048,receiver_dense,6,0,288,1790856439743589568,1790856439743675744,1,True,86.176,299.392,1.312,True
2048,receiver_dense,6,0,352,1790856439743595040,1790856439743670656,1,True,75.616,294.304,1.312,True
2048,receiver_dense,6,0,416,1790856439743584992,1790856439743674720,1,True,89.728,298.368,1.312,True
2048,receiver_dense,6,0,480,1790856439743595040,1790856439743687552,1,True,92.512,311.2,1.312,True
2048,receiver_dense,7,0,48,1790856439760819648,1790856439760975616,1,True,155.968,282.784,1.536,True
2048,receiver_dense,7,0,112,1790856439760821824,1790856439760970752,1,True,148.928,277.92,1.536,True
2048,receiver_dense,7,0,176,1790856439760828352,1790856439760953344,1,True,124.992,260.512,1.536,True
2048,receiver_dense,7,0,240,1790856439760821824,1790856439760955392,1,True,133.568,262.56,1.536,True
2048,receiver_dense,7,0,304,1790856439760902432,1790856439760988032,1,True,85.6,295.2,1.536,True
2048,receiver_dense,7,0,368,1790856439760900128,1790856439760990848,1,True,90.72,298.016,1.536,True
2048,receiver_dense,7,0,432,1790856439760914112,1790856439760988032,1,True,73.92,295.2,1.536,True
2048,receiver_dense,7,0,496,1790856439760918400,1790856439760996224,1,True,77.824,303.392,1.536,True
2048,receiver_dense,8,0,0,1790856439775375104,1790856439775596416,1,True,221.312,344.736,1.28,True
2048,receiver_dense,8,0,64,1790856439775375104,1790856439775600512,1,True,225.408,348.832,1.28,True
2048,receiver_dense,8,0,128,1790856439775372992,1790856439775599488,1,True,226.496,347.808,1.28,True
2048,receiver_dense,8,0,192,1790856439775371808,1790856439775636224,1,True,264.416,384.544,1.28,True
2048,receiver_dense,8,0,256,1790856439775411744,1790856439775642496,1,True,230.752,390.816,1.28,True
2048,receiver_dense,8,0,320,1790856439775413888,1790856439775658880,1,True,244.992,407.2,1.28,True
2048,receiver_dense,8,0,384,1790856439775411744,1790856439775644544,1,True,232.8,392.864,1.28,True
2048,receiver_dense,8,0,448,1790856439775413888,1790856439775647616,1,True,233.728,395.936,1.28,True
2048,receiver_dense,9,0,16,1790856439787691808,1790856439787808768,1,True,116.96,244.288,1.44,True
2048,receiver_dense,9,0,80,1790856439787694976,1790856439787842304,1,True,147.328,277.824,1.44,True
2048,receiver_dense,9,0,144,1790856439787690688,1790856439787820160,1,True,129.472,255.68,1.44,True
2048,receiver_dense,9,0,208,1790856439787697984,1790856439787838624,1,True,140.64,274.144,1.44,True
2048,receiver_dense,9,0,272,1790856439787759264,1790856439787852672,1,True,93.408,288.192,1.44,True
2048,receiver_dense,9,0,336,1790856439787765664,1790856439787855616,1,True,89.952,291.136,1.44,True
2048,receiver_dense,9,0,400,1790856439787755040,1790856439787866624,1,True,111.584,302.144,1.44,True
2048,receiver_dense,9,0,464,1790856439787757216,1790856439787859456,1,True,102.24,294.976,1.44,True
2048,receiver_dense,10,0,32,1790856439803751456,1790856439803866944,1,True,115.488,233.696,1.536,True
2048,receiver_dense,10,0,96,1790856439803750304,1790856439803853888,1,True,103.584,220.64,1.536,True
2048,receiver_dense,10,0,160,1790856439803753632,1790856439803883392,1,True,129.76,250.144,1.536,True
2048,receiver_dense,10,0,224,1790856439803753632,1790856439803874176,1,True,120.544,240.928,1.536,True
2048,receiver_dense,10,0,288,1790856439803809568,1790856439803928704,1,True,119.136,295.456,1.536,True
2048,receiver_dense,10,0,352,1790856439803821568,1790856439803928704,1,True,107.136,295.456,1.536,True
2048,receiver_dense,10,0,416,1790856439803817280,1790856439803931392,1,True,114.112,298.144,1.536,True
2048,receiver_dense,10,0,480,1790856439803815104,1790856439803912096,1,True,96.992,278.848,1.536,True
2048,receiver_dense,11,0,48,1790856439818957760,1790856439819091168,1,True,133.408,262.656,1.664,True
2048,receiver_dense,11,0,112,1790856439818957760,1790856439819093216,1,True,135.456,264.704,1.664,True
2048,receiver_dense,11,0,176,1790856439818962112,1790856439819072768,1,True,110.656,244.256,1.664,True
2048,receiver_dense,11,0,240,1790856439818962112,1790856439819074816,1,True,112.704,246.304,1.664,True
2048,receiver_dense,11,0,304,1790856439819009600,1790856439819113728,1,True,104.128,285.216,1.664,True
2048,receiver_dense,11,0,368,1790856439819017408,1790856439819110656,1,True,93.248,282.144,1.664,True
2048,receiver_dense,11,0,432,1790856439819015456,1790856439819114656,1,True,99.2,286.144,1.664,True
2048,receiver_dense,11,0,496,1790856439819012544,1790856439819112704,1,True,100.16,284.192,1.664,True
2048,receiver_dense,12,0,0,1790856439831954464,1790856439832049568,1,True,95.104,215.008,1.28,True
2048,receiver_dense,12,0,64,1790856439831952320,1790856439832051712,1,True,99.392,217.152,1.28,True
2048,receiver_dense,12,0,128,1790856439831952320,1790856439832086656,1,True,134.336,252.096,1.28,True
2048,receiver_dense,12,0,192,1790856439831957632,1790856439832062112,1,True,104.48,227.552,1.28,True
2048,receiver_dense,12,0,256,1790856439831990496,1790856439832127232,1,True,136.736,292.672,1.28,True
2048,receiver_dense,12,0,320,1790856439831992480,1790856439832121472,1,True,128.992,286.912,1.28,True
2048,receiver_dense,12,0,384,1790856439831994528,1790856439832105216,1,True,110.688,270.656,1.28,True
2048,receiver_dense,12,0,448,1790856439831994528,1790856439832107264,1,True,112.736,272.704,1.28,True
2048,receiver_dense,13,0,16,1790856439846402336,1790856439846540416,1,True,138.08,273.44,1.536,True
2048,receiver_dense,13,0,80,1790856439846400192,1790856439846523552,1,True,123.36,256.576,1.536,True
2048,receiver_dense,13,0,144,1790856439846402336,1790856439846535264,1,True,132.928,268.288,1.536,True
2048,receiver_dense,13,0,208,1790856439846399072,1790856439846524576,1,True,125.504,257.6,1.536,True
2048,receiver_dense,13,0,272,1790856439846457632,1790856439846552704,1,True,95.072,285.728,1.536,True
2048,receiver_dense,13,0,336,1790856439846459808,1790856439846559872,1,True,100.064,292.896,1.536,True
2048,receiver_dense,13,0,400,1790856439846451104,1790856439846560768,1,True,109.664,293.792,1.536,True
2048,receiver_dense,13,0,464,1790856439846453280,1790856439846555776,1,True,102.496,288.8,1.536,True
2048,receiver_dense,14,0,32,1790856439859688608,1790856439859803520,1,True,114.912,234.976,1.536,True
2048,receiver_dense,14,0,96,1790856439859688608,1790856439859783616,1,True,95.008,215.072,1.536,True
2048,receiver_dense,14,0,160,1790856439859687488,1790856439859796224,1,True,108.736,227.68,1.536,True
2048,receiver_dense,14,0,224,1790856439859688608,1790856439859805568,1,True,116.96,237.024,1.536,True
2048,receiver_dense,14,0,288,1790856439859726304,1790856439859847552,1,True,121.248,279.008,1.536,True
2048,receiver_dense,14,0,352,1790856439859726304,1790856439859853824,1,True,127.52,285.28,1.536,True
2048,receiver_dense,14,0,416,1790856439859728288,1790856439859847552,1,True,119.264,279.008,1.536,True
2048,receiver_dense,14,0,480,1790856439859728288,1790856439859847552,1,True,119.264,279.008,1.536,True
2048,receiver_dense,15,0,48,1790856439870550432,1790856439870675584,1,True,125.152,259.232,1.536,True
2048,receiver_dense,15,0,112,1790856439870551584,1790856439870702176,1,True,150.592,285.824,1.536,True
2048,receiver_dense,15,0,176,1790856439870544800,1790856439870671488,1,True,126.688,255.136,1.536,True
2048,receiver_dense,15,0,240,1790856439870544800,1790856439870697056,1,True,152.256,280.704,1.536,True
2048,receiver_dense,15,0,304,1790856439870611392,1790856439870710400,1,True,99.008,294.048,1.536,True
2048,receiver_dense,15,0,368,1790856439870606240,1790856439870709376,1,True,103.136,293.024,1.536,True
2048,receiver_dense,15,0,432,1790856439870609440,1790856439870709376,1,True,99.936,293.024,1.536,True
2048,receiver_dense,15,0,496,1790856439870636480,1790856439870713088,1,True,76.608,296.736,1.536,True
2048,receiver_dense,16,0,0,1790856439890360928,1790856439890476192,1,True,115.264,233.632,1.408,True
2048,receiver_dense,16,0,64,1790856439890360928,1790856439890483456,1,True,122.528,240.896,1.408,True
2048,receiver_dense,16,0,128,1790856439890358752,1790856439890484352,1,True,125.6,241.792,1.408,True
2048,receiver_dense,16,0,192,1790856439890360928,1790856439890484352,1,True,123.424,241.792,1.408,True
2048,receiver_dense,16,0,256,1790856439890428448,1790856439890518272,1,True,89.824,275.712,1.408,True
2048,receiver_dense,16,0,320,1790856439890429568,1790856439890520320,1,True,90.752,277.76,1.408,True
2048,receiver_dense,16,0,384,1790856439890427296,1790856439890532864,1,True,105.568,290.304,1.408,True
2048,receiver_dense,16,0,448,1790856439890421696,1790856439890518272,1,True,96.576,275.712,1.408,True
2048,receiver_dense,17,0,16,1790856439902059840,1790856439902213376,1,True,153.536,281.12,1.536,True
2048,receiver_dense,17,0,80,1790856439902062016,1790856439902216448,1,True,154.432,284.192,1.536,True
2048,receiver_dense,17,0,144,1790856439902059840,1790856439902226560,1,True,166.72,294.304,1.536,True
2048,receiver_dense,17,0,208,1790856439902064192,1790856439902208256,1,True,144.064,276.0,1.536,True
2048,receiver_dense,17,0,272,1790856439902154048,1790856439902235904,1,True,81.856,303.648,1.536,True
2048,receiver_dense,17,0,336,1790856439902150208,1790856439902236928,1,True,86.72,304.672,1.536,True
2048,receiver_dense,17,0,400,1790856439902160992,1790856439902239616,1,True,78.624,307.36,1.536,True
2048,receiver_dense,17,0,464,1790856439902169216,1790856439902228736,1,True,59.52,296.48,1.536,True
2048,receiver_dense,18,0,32,1790856439912656448,1790856439912776768,1,True,120.32,238.976,1.536,True
2048,receiver_dense,18,0,96,1790856439912657568,1790856439912782144,1,True,124.576,244.352,1.536,True
2048,receiver_dense,18,0,160,1790856439912657568,1790856439912817696,1,True,160.128,279.904,1.536,True
2048,receiver_dense,18,0,224,1790856439912657568,1790856439912798240,1,True,140.672,260.448,1.536,True
2048,receiver_dense,18,0,288,1790856439912751936,1790856439912832128,1,True,80.192,294.336,1.536,True
2048,receiver_dense,18,0,352,1790856439912750912,1790856439912830080,1,True,79.168,292.288,1.536,True
2048,receiver_dense,18,0,416,1790856439912749888,1790856439912856224,1,True,106.336,318.432,1.536,True
2048,receiver_dense,18,0,480,1790856439912749888,1790856439912857248,1,True,107.36,319.456,1.536,True
2048,receiver_dense,19,0,48,1790856439927631168,1790856439927786880,1,True,155.712,289.664,1.408,True
2048,receiver_dense,19,0,112,1790856439927634464,1790856439927786880,1,True,152.416,289.664,1.408,True
2048,receiver_dense,19,0,176,1790856439927632320,1790856439927761280,1,True,128.96,264.064,1.408,True
2048,receiver_dense,19,0,240,1790856439927632320,1790856439927765376,1,True,133.056,268.16,1.408,True
2048,receiver_dense,19,0,304,1790856439927701984,1790856439927798144,1,True,96.16,300.928,1.408,True
2048,receiver_dense,19,0,368,1790856439927698720,1790856439927787904,1,True,89.184,290.688,1.408,True
2048,receiver_dense,19,0,432,1790856439927698720,1790856439927797120,1,True,98.4,299.904,1.408,True
2048,receiver_dense,19,0,496,1790856439927709568,1790856439927792000,1,True,82.432,294.784,1.408,True
2048,receiver_dense,0,1,512,1790856394986565984,1790856394986493760,0,True,72.224,195.552,2.048,True
2048,receiver_dense,0,1,576,1790856394986586176,1790856394986494944,0,True,91.232,215.744,2.048,True
2048,receiver_dense,0,1,640,1790856394986596928,1790856394986494944,0,True,101.984,226.496,2.048,True
2048,receiver_dense,0,1,704,1790856394986597920,1790856394986494944,0,True,102.976,227.488,2.048,True
2048,receiver_dense,0,1,768,1790856394986628224,1790856394986533472,0,True,94.752,257.792,2.048,True
2048,receiver_dense,0,1,832,1790856394986620032,1790856394986537920,0,True,82.112,249.6,2.048,True
2048,receiver_dense,0,1,896,1790856394986610464,1790856394986534464,0,True,76.0,240.032,2.048,True
2048,receiver_dense,0,1,960,1790856394986633888,1790856394986537920,0,True,95.968,263.456,2.048,True
2048,receiver_dense,1,1,528,1790856395010865312,1790856395010716224,0,True,149.088,282.432,1.536,True
2048,receiver_dense,1,1,592,1790856395010892928,1790856395010716224,0,True,176.704,310.048,1.536,True
2048,receiver_dense,1,1,656,1790856395010865312,1790856395010714240,0,True,151.072,282.432,1.536,True
2048,receiver_dense,1,1,720,1790856395010890880,1790856395010719488,0,True,171.392,308.0,1.536,True
2048,receiver_dense,1,1,784,1790856395010907264,1790856395010843360,0,True,63.904,324.384,1.536,True
2048,receiver_dense,1,1,848,1790856395010905216,1790856395010834208,0,True,71.008,322.336,1.536,True
2048,receiver_dense,1,1,912,1790856395010904192,1790856395010852896,0,True,51.296,321.312,1.536,True
2048,receiver_dense,1,1,976,1790856395010909984,1790856395010835360,0,True,74.624,327.104,1.536,True
2048,receiver_dense,2,1,544,1790856395015036960,1790856395014924096,0,True,112.864,238.208,1.664,True
2048,receiver_dense,2,1,608,1790856395015035840,1790856395014925248,0,True,110.592,237.088,1.664,True
2048,receiver_dense,2,1,672,1790856395015072768,1790856395014925248,0,True,147.52,274.016,1.664,True
2048,receiver_dense,2,1,736,1790856395015036960,1790856395014925248,0,True,111.712,238.208,1.664,True
2048,receiver_dense,2,1,800,1790856395015094400,1790856395014994144,0,True,100.256,295.648,1.664,True
2048,receiver_dense,2,1,864,1790856395015080064,1790856395015000672,0,True,79.392,281.312,1.664,True
2048,receiver_dense,2,1,928,1790856395015087232,1790856395014996320,0,True,90.912,288.48,1.664,True
2048,receiver_dense,2,1,992,1790856395015095296,1790856395014997472,0,True,97.824,296.544,1.664,True
2048,receiver_dense,3,1,560,1790856395029253248,1790856395029113536,0,True,139.712,272.096,1.664,True
2048,receiver_dense,3,1,624,1790856395029229984,1790856395029118016,0,True,111.968,248.832,1.664,True
2048,receiver_dense,3,1,688,1790856395029249056,1790856395029116864,0,True,132.192,267.904,1.664,True
2048,receiver_dense,3,1,752,1790856395029248000,1790856395029113536,0,True,134.464,266.848,1.664,True
2048,receiver_dense,3,1,816,1790856395029261440,1790856395029182784,0,True,78.656,280.288,1.664,True
2048,receiver_dense,3,1,880,1790856395029267552,1790856395029180576,0,True,86.976,286.4,1.664,True
2048,receiver_dense,3,1,944,1790856395029275008,1790856395029180576,0,True,94.432,293.856,1.664,True
2048,receiver_dense,3,1,1008,1790856395029271296,1790856395029200064,0,True,71.232,290.144,1.664,True
2048,receiver_dense,4,1,512,1790856395047356832,1790856395047242656,0,True,114.176,240.032,1.952,True
2048,receiver_dense,4,1,576,1790856395047382816,1790856395047242656,0,True,140.16,266.016,1.952,True
2048,receiver_dense,4,1,640,1790856395047372064,1790856395047242656,0,True,129.408,255.264,1.952,True
2048,receiver_dense,4,1,704,1790856395047402496,1790856395047242656,0,True,159.84,285.696,1.952,True
2048,receiver_dense,4,1,768,1790856395047407616,1790856395047328288,0,True,79.328,290.816,1.952,True
2048,receiver_dense,4,1,832,1790856395047408640,1790856395047328288,0,True,80.352,291.84,1.952,True
2048,receiver_dense,4,1,896,1790856395047420576,1790856395047326048,0,True,94.528,303.776,1.952,True
2048,receiver_dense,4,1,960,1790856395047400448,1790856395047322528,0,True,77.92,283.648,1.952,True
2048,receiver_dense,5,1,528,1790856395068025344,1790856395067877984,0,True,147.36,283.488,1.792,True
2048,receiver_dense,5,1,592,1790856395068019200,1790856395067877984,0,True,141.216,277.344,1.792,True
2048,receiver_dense,5,1,656,1790856395067998240,1790856395067877984,0,True,120.256,256.384,1.792,True
2048,receiver_dense,5,1,720,1790856395068009984,1790856395067879104,0,True,130.88,268.128,1.792,True
2048,receiver_dense,5,1,784,1790856395068040704,1790856395067965184,0,True,75.52,298.848,1.792,True
2048,receiver_dense,5,1,848,1790856395068043776,1790856395067965184,0,True,78.592,301.92,1.792,True
2048,receiver_dense,5,1,912,1790856395068040704,1790856395067980704,0,True,60.0,298.848,1.792,True
2048,receiver_dense,5,1,976,1790856395068040704,1790856395067962944,0,True,77.76,298.848,1.792,True
2048,receiver_dense,6,1,544,1790856395072141408,1790856395071994656,0,True,146.752,266.336,1.536,True
2048,receiver_dense,6,1,608,1790856395072130944,1790856395071993536,0,True,137.408,255.872,1.536,True
2048,receiver_dense,6,1,672,1790856395072135584,1790856395071994656,0,True,140.928,260.512,1.536,True
2048,receiver_dense,6,1,736,1790856395072154656,1790856395071994656,0,True,160.0,279.584,1.536,True
2048,receiver_dense,6,1,800,1790856395072195712,1790856395072090144,0,True,105.568,320.64,1.536,True
2048,receiver_dense,6,1,864,1790856395072187520,1790856395072092480,0,True,95.04,312.448,1.536,True
2048,receiver_dense,6,1,928,1790856395072179328,1790856395072075520,0,True,103.808,304.256,1.536,True
2048,receiver_dense,6,1,992,1790856395072186496,1790856395072093632,0,True,92.864,311.424,1.536,True
2048,receiver_dense,7,1,560,1790856395089457952,1790856395089340864,0,True,117.088,246.688,1.664,True
2048,receiver_dense,7,1,624,1790856395089464960,1790856395089338688,0,True,126.272,253.696,1.664,True
2048,receiver_dense,7,1,688,1790856395089470336,1790856395089347520,0,True,122.816,259.072,1.664,True
2048,receiver_dense,7,1,752,1790856395089457952,1790856395089340864,0,True,117.088,246.688,1.664,True
2048,receiver_dense,7,1,816,1790856395089492864,1790856395089395136,0,True,97.728,281.6,1.664,True
2048,receiver_dense,7,1,880,1790856395089482624,1790856395089399456,0,True,83.168,271.36,1.664,True
2048,receiver_dense,7,1,944,1790856395089493760,1790856395089404704,0,True,89.056,282.496,1.664,True
2048,receiver_dense,7,1,1008,1790856395089492864,1790856395089412384,0,True,80.48,281.6,1.664,True
2048,receiver_dense,8,1,512,1790856395103974976,1790856395104009536,1,False,34.56,125.152,1.664,True
2048,receiver_dense,8,1,576,1790856395103972416,1790856395104014112,1,False,41.696,129.728,1.664,True
2048,receiver_dense,8,1,640,1790856395103982912,1790856395104011872,1,False,28.96,127.488,1.664,True
2048,receiver_dense,8,1,704,1790856395103977248,1790856395104010688,1,False,33.44,126.304,1.664,True
2048,receiver_dense,8,1,768,1790856395104021824,1790856395104048512,1,False,26.688,164.128,1.664,True
2048,receiver_dense,8,1,832,1790856395104036448,1790856395104049600,1,False,13.152,165.216,1.664,True
2048,receiver_dense,8,1,896,1790856395104019648,1790856395104049600,1,False,29.952,165.216,1.664,True
2048,receiver_dense,8,1,960,1790856395104040608,1790856395104049600,1,False,8.992,165.216,1.664,True
2048,receiver_dense,9,1,528,1790856395116324992,1790856395116203840,0,True,121.152,255.776,1.664,True
2048,receiver_dense,9,1,592,1790856395116339328,1790856395116204992,0,True,134.336,270.112,1.664,True
2048,receiver_dense,9,1,656,1790856395116320896,1790856395116198208,0,True,122.688,251.68,1.664,True
2048,receiver_dense,9,1,720,1790856395116316736,1790856395116198208,0,True,118.528,247.52,1.664,True
2048,receiver_dense,9,1,784,1790856395116355872,1790856395116290496,0,True,65.376,286.656,1.664,True
2048,receiver_dense,9,1,848,1790856395116353792,1790856395116268576,0,True,85.216,284.576,1.664,True
2048,receiver_dense,9,1,912,1790856395116356896,1790856395116270784,0,True,86.112,287.68,1.664,True
2048,receiver_dense,9,1,976,1790856395116349696,1790856395116311168,0,True,38.528,280.48,1.664,True
2048,receiver_dense,10,1,544,1790856395132371104,1790856395132272448,0,True,98.656,219.52,1.664,True
2048,receiver_dense,10,1,608,1790856395132350272,1790856395132271296,0,True,78.976,198.688,1.664,True
2048,receiver_dense,10,1,672,1790856395132369952,1790856395132272448,0,True,97.504,218.368,1.664,True
2048,receiver_dense,10,1,736,1790856395132368800,1790856395132272448,0,True,96.352,217.216,1.664,True
2048,receiver_dense,10,1,800,1790856395132405888,1790856395132314528,0,True,91.36,254.304,1.664,True
2048,receiver_dense,10,1,864,1790856395132420224,1790856395132312352,0,True,107.872,268.64,1.664,True
2048,receiver_dense,10,1,928,1790856395132426752,1790856395132317696,0,True,109.056,275.168,1.664,True
2048,receiver_dense,10,1,992,1790856395132425760,1790856395132314528,0,True,111.232,274.176,1.664,True
2048,receiver_dense,11,1,560,1790856395147593344,1790856395147457760,0,True,135.584,263.52,1.792,True
2048,receiver_dense,11,1,624,1790856395147595424,1790856395147457760,0,True,137.664,265.6,1.792,True
2048,receiver_dense,11,1,688,1790856395147598336,1790856395147457760,0,True,140.576,268.512,1.792,True
2048,receiver_dense,11,1,752,1790856395147593344,1790856395147456512,0,True,136.832,263.52,1.792,True
2048,receiver_dense,11,1,816,1790856395147611776,1790856395147516800,0,True,94.976,281.952,1.792,True
2048,receiver_dense,11,1,880,1790856395147608704,1790856395147527360,0,True,81.344,278.88,1.792,True
2048,receiver_dense,11,1,944,1790856395147612672,1790856395147544768,0,True,67.904,282.848,1.792,True
2048,receiver_dense,11,1,1008,1790856395147605632,1790856395147525120,0,True,80.512,275.808,1.792,True
2048,receiver_dense,12,1,512,1790856395160535104,1790856395160467968,0,True,67.136,187.104,1.536,True
2048,receiver_dense,12,1,576,1790856395160548576,1790856395160470208,0,True,78.368,200.576,1.536,True
2048,receiver_dense,12,1,640,1790856395160560352,1790856395160470208,0,True,90.144,212.352,1.536,True
2048,receiver_dense,12,1,704,1790856395160583328,1790856395160470208,0,True,113.12,235.328,1.536,True
2048,receiver_dense,12,1,768,1790856395160605088,1790856395160510016,0,True,95.072,257.088,1.536,True
2048,receiver_dense,12,1,832,1790856395160613376,1790856395160506560,0,True,106.816,265.376,1.536,True
2048,receiver_dense,12,1,896,1790856395160606208,1790856395160510016,0,True,96.192,258.208,1.536,True
2048,receiver_dense,12,1,960,1790856395160594880,1790856395160507712,0,True,87.168,246.88,1.536,True
2048,receiver_dense,13,1,528,1790856395175002144,1790856395174915872,0,True,86.272,219.552,1.536,True
2048,receiver_dense,13,1,592,1790856395175036128,1790856395174914592,0,True,121.536,253.536,1.536,True
2048,receiver_dense,13,1,656,1790856395175028992,1790856395174912320,0,True,116.672,246.4,1.536,True
2048,receiver_dense,13,1,720,1790856395175034112,1790856395174915872,0,True,118.24,251.52,1.536,True
2048,receiver_dense,13,1,784,1790856395175052544,1790856395174977824,0,True,74.72,269.952,1.536,True
2048,receiver_dense,13,1,848,1790856395175051520,1790856395174973472,0,True,78.048,268.928,1.536,True
2048,receiver_dense,13,1,912,1790856395175049472,1790856395174980000,0,True,69.472,266.88,1.536,True
2048,receiver_dense,13,1,976,1790856395175048448,1790856395174989856,0,True,58.592,265.856,1.536,True
2048,receiver_dense,14,1,544,1790856395188283936,1790856395188206816,0,True,77.12,198.336,1.664,True
2048,receiver_dense,14,1,608,1790856395188285088,1790856395188206816,0,True,78.272,199.488,1.664,True
2048,receiver_dense,14,1,672,1790856395188291488,1790856395188206816,0,True,84.672,205.888,1.664,True
2048,receiver_dense,14,1,736,1790856395188283936,1790856395188205792,0,True,78.144,198.336,1.664,True
2048,receiver_dense,14,1,800,1790856395188337152,1790856395188245440,0,True,91.712,251.552,1.664,True
2048,receiver_dense,14,1,864,1790856395188353536,1790856395188246560,0,True,106.976,267.936,1.664,True
2048,receiver_dense,14,1,928,1790856395188352384,1790856395188246560,0,True,105.824,266.784,1.664,True
2048,receiver_dense,14,1,992,1790856395188328224,1790856395188246560,0,True,81.664,242.624,1.664,True
2048,receiver_dense,15,1,560,1790856395199189408,1790856395199067648,0,True,121.76,254.432,1.536,True
2048,receiver_dense,15,1,624,1790856395199162784,1790856395199063104,0,True,99.68,227.808,1.536,True
2048,receiver_dense,15,1,688,1790856395199170176,1790856395199068928,0,True,101.248,235.2,1.536,True
2048,receiver_dense,15,1,752,1790856395199184416,1790856395199063104,0,True,121.312,249.44,1.536,True
2048,receiver_dense,15,1,816,1790856395199202432,1790856395199121184,0,True,81.248,267.456,1.536,True
2048,receiver_dense,15,1,880,1790856395199202432,1790856395199131072,0,True,71.36,267.456,1.536,True
2048,receiver_dense,15,1,944,1790856395199196288,1790856395199133184,0,True,63.104,261.312,1.536,True
2048,receiver_dense,15,1,1008,1790856395199194240,1790856395199139872,0,True,54.368,259.264,1.536,True
2048,receiver_dense,16,1,512,1790856395218960960,1790856395218875360,0,True,85.6,205.152,1.536,True
2048,receiver_dense,16,1,576,1790856395218962112,1790856395218877632,0,True,84.48,206.304,1.536,True
2048,receiver_dense,16,1,640,1790856395218972192,1790856395218877632,0,True,94.56,216.384,1.536,True
2048,receiver_dense,16,1,704,1790856395218974368,1790856395218877632,0,True,96.736,218.56,1.536,True
2048,receiver_dense,16,1,768,1790856395219016320,1790856395218920096,0,True,96.224,260.512,1.536,True
2048,receiver_dense,16,1,832,1790856395219014272,1790856395218923264,0,True,91.008,258.464,1.536,True
2048,receiver_dense,16,1,896,1790856395219013248,1790856395218923264,0,True,89.984,257.44,1.536,True
2048,receiver_dense,16,1,960,1790856395219017216,1790856395218923264,0,True,93.952,261.408,1.536,True
2048,receiver_dense,17,1,528,1790856395230691232,1790856395230577888,0,True,113.344,241.952,2.176,True
2048,receiver_dense,17,1,592,1790856395230713088,1790856395230583360,0,True,129.728,263.808,2.176,True
2048,receiver_dense,17,1,656,1790856395230683424,1790856395230575712,0,True,107.712,234.144,2.176,True
2048,receiver_dense,17,1,720,1790856395230713088,1790856395230577888,0,True,135.2,263.808,2.176,True
2048,receiver_dense,17,1,784,1790856395230733696,1790856395230666080,0,True,67.616,284.416,2.176,True
2048,receiver_dense,17,1,848,1790856395230733696,1790856395230661536,0,True,72.16,284.416,2.176,True
2048,receiver_dense,17,1,912,1790856395230728448,1790856395230670656,0,True,57.792,279.168,2.176,True
2048,receiver_dense,17,1,976,1790856395230734624,1790856395230668352,0,True,66.272,285.344,2.176,True
2048,receiver_dense,18,1,544,1790856395241300480,1790856395241158976,0,True,141.504,267.072,1.664,True
2048,receiver_dense,18,1,608,1790856395241297184,1790856395241155520,0,True,141.664,263.776,1.664,True
2048,receiver_dense,18,1,672,1790856395241315872,1790856395241157824,0,True,158.048,282.464,1.664,True
2048,receiver_dense,18,1,736,1790856395241303584,1790856395241158976,0,True,144.608,270.176,1.664,True
2048,receiver_dense,18,1,800,1790856395241336416,1790856395241254560,0,True,81.856,303.008,1.664,True
2048,receiver_dense,18,1,864,1790856395241338496,1790856395241252288,0,True,86.208,305.088,1.664,True
2048,receiver_dense,18,1,928,1790856395241353376,1790856395241243584,0,True,109.792,319.968,1.664,True
2048,receiver_dense,18,1,992,1790856395241355264,1790856395241254560,0,True,100.704,321.856,1.664,True
2048,receiver_dense,19,1,560,1790856395256270464,1790856395256153152,0,True,117.312,257.728,1.536,True
2048,receiver_dense,19,1,624,1790856395256275712,1790856395256148512,0,True,127.2,262.976,1.536,True
2048,receiver_dense,19,1,688,1790856395256274560,1790856395256153152,0,True,121.408,261.824,1.536,True
2048,receiver_dense,19,1,752,1790856395256270464,1790856395256146240,0,True,124.224,257.728,1.536,True
2048,receiver_dense,19,1,816,1790856395256293120,1790856395256213888,0,True,79.232,280.384,1.536,True
2048,receiver_dense,19,1,880,1790856395256293120,1790856395256211744,0,True,81.376,280.384,1.536,True
2048,receiver_dense,19,1,944,1790856395256289024,1790856395256226720,0,True,62.304,276.288,1.536,True
2048,receiver_dense,19,1,1008,1790856395256291072,1790856395256220288,0,True,70.784,278.336,1.536,True
8192,receiver_sparse,0,0,0,1790856440963588672,1790856440963852576,1,True,263.904,419.264,1.408,True
8192,receiver_sparse,0,0,256,1790856440963720512,1790856440964008096,1,True,287.584,574.784,1.408,True
8192,receiver_sparse,1,0,64,1790856440973271392,1790856440973532256,1,True,260.864,420.16,1.536,True
8192,receiver_sparse,1,0,320,1790856440973405408,1790856440973704608,1,True,299.2,592.512,1.536,True
8192,receiver_sparse,2,0,128,1790856440991827776,1790856440992113600,1,True,285.824,439.776,1.28,True
8192,receiver_sparse,2,0,384,1790856440991959040,1790856440992260864,1,True,301.824,587.04,1.28,True
8192,receiver_sparse,3,0,192,1790856441016117632,1790856441016422848,1,True,305.216,459.712,1.536,True
8192,receiver_sparse,3,0,448,1790856441016247456,1790856441016538880,1,True,291.424,575.744,1.536,True
8192,receiver_sparse,4,0,0,1790856441019258688,1790856441019514400,1,True,255.712,409.472,1.408,True
8192,receiver_sparse,4,0,256,1790856441019388448,1790856441019688352,1,True,299.904,583.424,1.408,True
8192,receiver_sparse,5,0,64,1790856441040048032,1790856441040297120,1,True,249.088,400.8,1.44,True
8192,receiver_sparse,5,0,320,1790856441040183200,1790856441040466688,1,True,283.488,570.368,1.44,True
8192,receiver_sparse,6,0,128,1790856441063160192,1790856441063435072,1,True,274.88,425.696,1.28,True
8192,receiver_sparse,6,0,384,1790856441063296448,1790856441063602336,1,True,305.888,592.96,1.28,True
8192,receiver_sparse,7,0,192,1790856441076280992,1790856441076588352,1,True,307.36,465.088,1.28,True
8192,receiver_sparse,7,0,448,1790856441076409984,1790856441076714496,1,True,304.512,591.232,1.28,True
8192,receiver_sparse,8,0,0,1790856441082217888,1790856441082473152,1,True,255.264,406.464,1.632,True
8192,receiver_sparse,8,0,256,1790856441082348224,1790856441082646432,1,True,298.208,579.744,1.632,True
8192,receiver_sparse,9,0,64,1790856441103736992,1790856441104009760,1,True,272.768,422.048,1.376,True
8192,receiver_sparse,9,0,320,1790856441103868224,1790856441104197728,1,True,329.504,610.016,1.376,True
8192,receiver_sparse,10,0,128,1790856441125742848,1790856441126001408,1,True,258.56,410.688,1.408,True
8192,receiver_sparse,10,0,384,1790856441125878528,1790856441126177408,1,True,298.88,586.688,1.408,True
8192,receiver_sparse,11,0,192,1790856441128853856,1790856441129158016,1,True,304.16,455.04,1.536,True
8192,receiver_sparse,11,0,448,1790856441128985056,1790856441129279232,1,True,294.176,576.256,1.536,True
8192,receiver_sparse,12,0,0,1790856441156767520,1790856441157044352,1,True,276.832,428.224,1.408,True
8192,receiver_sparse,12,0,256,1790856441156899168,1790856441157212544,1,True,313.376,596.416,1.408,True
8192,receiver_sparse,13,0,64,1790856441159906112,1790856441160174368,1,True,268.256,423.968,1.664,True
8192,receiver_sparse,13,0,320,1790856441160036544,1790856441160319264,1,True,282.72,568.864,1.664,True
8192,receiver_sparse,14,0,128,1790856441177835808,1790856441178125088,1,True,289.28,441.952,1.28,True
8192,receiver_sparse,14,0,384,1790856441177966496,1790856441178275616,1,True,309.12,592.48,1.28,True
8192,receiver_sparse,15,0,192,1790856441190979232,1790856441191277632,1,True,298.4,450.752,1.408,True
8192,receiver_sparse,15,0,448,1790856441191109664,1790856441191394432,1,True,284.768,567.552,1.408,True
8192,receiver_sparse,16,0,0,1790856441208839872,1790856441209092096,1,True,252.224,400.608,1.664,True
8192,receiver_sparse,16,0,256,1790856441208969120,1790856441209260928,1,True,291.808,569.44,1.664,True
8192,receiver_sparse,17,0,64,1790856441221157664,1790856441221413920,1,True,256.256,406.4,1.28,True
8192,receiver_sparse,17,0,320,1790856441221287488,1790856441221598880,1,True,311.392,591.36,1.28,True
8192,receiver_sparse,18,0,128,1790856441236310272,1790856441236591136,1,True,280.864,430.688,1.28,True
8192,receiver_sparse,18,0,384,1790856441236440416,1790856441236735744,1,True,295.328,575.296,1.28,True
8192,receiver_sparse,19,0,192,1790856441254144512,1790856441254447936,1,True,303.424,453.056,1.44,True
8192,receiver_sparse,19,0,448,1790856441254280096,1790856441254568096,1,True,288.0,573.216,1.44,True
8192,receiver_sparse,0,1,512,1790856396292355264,1790856396292088640,0,True,266.624,429.408,1.568,True
8192,receiver_sparse,0,1,768,1790856396292506080,1790856396292224128,0,True,281.952,580.224,1.568,True
8192,receiver_sparse,1,1,576,1790856396302019296,1790856396301786720,0,True,232.576,394.752,1.568,True
8192,receiver_sparse,1,1,832,1790856396302180928,1790856396301927520,0,True,253.408,556.384,1.568,True
8192,receiver_sparse,2,1,640,1790856396320604224,1790856396320347072,0,True,257.152,414.784,1.792,True
8192,receiver_sparse,2,1,896,1790856396320747232,1790856396320479744,0,True,267.488,557.792,1.792,True
8192,receiver_sparse,3,1,704,1790856396344928288,1790856396344632384,0,True,295.904,451.424,1.44,True
8192,receiver_sparse,3,1,960,1790856396345039232,1790856396344766176,0,True,273.056,562.368,1.44,True
8192,receiver_sparse,4,1,512,1790856396347997280,1790856396347774240,0,True,223.04,377.792,1.92,True
8192,receiver_sparse,4,1,768,1790856396348167168,1790856396347904864,0,True,262.304,547.68,1.92,True
8192,receiver_sparse,5,1,576,1790856396368783072,1790856396368560704,0,True,222.368,377.344,1.536,True
8192,receiver_sparse,5,1,832,1790856396368956864,1790856396368689248,0,True,267.616,551.136,1.536,True
8192,receiver_sparse,6,1,640,1790856396391919584,1790856396391677888,0,True,241.696,396.96,1.696,True
8192,receiver_sparse,6,1,896,1790856396392082592,1790856396391809056,0,True,273.536,559.968,1.696,True
8192,receiver_sparse,7,1,704,1790856396405086944,1790856396404791648,0,True,295.296,450.368,1.664,True
8192,receiver_sparse,7,1,960,1790856396405188064,1790856396404925024,0,True,263.04,551.488,1.664,True
8192,receiver_sparse,8,1,512,1790856396410958720,1790856396410735168,0,True,223.552,377.184,1.792,True
8192,receiver_sparse,8,1,768,1790856396411125792,1790856396410864864,0,True,260.928,544.256,1.792,True
8192,receiver_sparse,9,1,576,1790856396432497248,1790856396432261600,0,True,235.648,391.552,1.568,True
8192,receiver_sparse,9,1,832,1790856396432641696,1790856396432394944,0,True,246.752,536.0,1.568,True
8192,receiver_sparse,10,1,640,1790856396454493344,1790856396454254912,0,True,238.432,391.232,1.792,True
8192,receiver_sparse,10,1,896,1790856396454668192,1790856396454388480,0,True,279.712,566.08,1.792,True
8192,receiver_sparse,11,1,704,1790856396457639360,1790856396457369696,0,True,269.664,424.48,1.536,True
8192,receiver_sparse,11,1,960,1790856396457753536,1790856396457503520,0,True,250.016,538.656,1.536,True
8192,receiver_sparse,12,1,512,1790856396485541152,1790856396485285504,0,True,255.648,410.08,1.664,True
8192,receiver_sparse,12,1,768,1790856396485703872,1790856396485410432,0,True,293.44,572.8,1.664,True
8192,receiver_sparse,13,1,576,1790856396488647232,1790856396488424928,0,True,222.304,381.216,1.536,True
8192,receiver_sparse,13,1,832,1790856396488808480,1790856396488559680,0,True,248.8,542.464,1.536,True
8192,receiver_sparse,14,1,640,1790856396506584864,1790856396506349888,0,True,234.976,388.224,1.92,True
8192,receiver_sparse,14,1,896,1790856396506729024,1790856396506478048,0,True,250.976,532.384,1.92,True
8192,receiver_sparse,15,1,704,1790856396519768800,1790856396519495136,0,True,273.664,428.672,1.376,True
8192,receiver_sparse,15,1,960,1790856396519872096,1790856396519630016,0,True,242.08,531.968,1.376,True
8192,receiver_sparse,16,1,512,1790856396537572416,1790856396537362880,0,True,209.536,366.688,1.664,True
8192,receiver_sparse,16,1,768,1790856396537747136,1790856396537484672,0,True,262.464,541.408,1.664,True
8192,receiver_sparse,17,1,576,1790856396549899456,1790856396549676224,0,True,223.232,376.544,1.696,True
8192,receiver_sparse,17,1,832,1790856396550062592,1790856396549812288,0,True,250.304,539.68,1.696,True
8192,receiver_sparse,18,1,640,1790856396565084960,1790856396564827008,0,True,257.952,410.08,1.664,True
8192,receiver_sparse,18,1,896,1790856396565213280,1790856396564964064,0,True,249.216,538.4,1.664,True
8192,receiver_sparse,19,1,704,1790856396582932288,1790856396582662304,0,True,269.984,422.4,1.536,True
8192,receiver_sparse,19,1,960,1790856396583050048,1790856396582798400,0,True,251.648,540.16,1.536,True
8192,receiver_dense,0,0,0,1790856440958254752,1790856440958530176,1,True,275.424,437.408,1.408,True
8192,receiver_dense,0,0,64,1790856440958253536,1790856440958527904,1,True,274.368,435.136,1.408,True
8192,receiver_dense,0,0,128,1790856440958254752,1790856440958558080,1,True,303.328,465.312,1.408,True
8192,receiver_dense,0,0,192,1790856440958254752,1790856440958576864,1,True,322.112,484.096,1.408,True
8192,receiver_dense,0,0,256,1790856440958393440,1790856440958712288,1,True,318.848,619.52,1.408,True
8192,receiver_dense,0,0,320,1790856440958399136,1790856440958710112,1,True,310.976,617.344,1.408,True
8192,receiver_dense,0,0,384,1790856440958401536,1790856440958716416,1,True,314.88,623.648,1.408,True
8192,receiver_dense,0,0,448,1790856440958401536,1790856440958719520,1,True,317.984,626.752,1.408,True
8192,receiver_dense,1,0,16,1790856440982931040,1790856440983273024,1,True,341.984,542.08,1.504,True
8192,receiver_dense,1,0,80,1790856440982950464,1790856440983264352,1,True,313.888,533.408,1.504,True
8192,receiver_dense,1,0,144,1790856440982932160,1790856440983271936,1,True,339.776,540.992,1.504,True
8192,receiver_dense,1,0,208,1790856440982954048,1790856440983271936,1,True,317.888,540.992,1.504,True
8192,receiver_dense,1,0,272,1790856440983081920,1790856440983404576,1,True,322.656,673.632,1.504,True
8192,receiver_dense,1,0,336,1790856440983081920,1790856440983411872,1,True,329.952,680.928,1.504,True
8192,receiver_dense,1,0,400,1790856440983084224,1790856440983408928,1,True,324.704,677.984,1.504,True
8192,receiver_dense,1,0,464,1790856440983087552,1790856440983406752,1,True,319.2,675.808,1.504,True
8192,receiver_dense,2,0,32,1790856440987403712,1790856440987687744,1,True,284.032,443.648,1.536,True
8192,receiver_dense,2,0,96,1790856440987402560,1790856440987708864,1,True,306.304,464.768,1.536,True
8192,receiver_dense,2,0,160,1790856440987403712,1790856440987721024,1,True,317.312,476.928,1.536,True
8192,receiver_dense,2,0,224,1790856440987403712,1790856440987722144,1,True,318.432,478.048,1.536,True
8192,receiver_dense,2,0,288,1790856440987538624,1790856440987844544,1,True,305.92,600.448,1.536,True
8192,receiver_dense,2,0,352,1790856440987540928,1790856440987845664,1,True,304.736,601.568,1.536,True
8192,receiver_dense,2,0,416,1790856440987540928,1790856440987840192,1,True,299.264,596.096,1.536,True
8192,receiver_dense,2,0,480,1790856440987540928,1790856440987836832,1,True,295.904,592.736,1.536,True
8192,receiver_dense,3,0,48,1790856441004270016,1790856441004584096,1,True,314.08,534.592,1.664,True
8192,receiver_dense,3,0,112,1790856441004270016,1790856441004580800,1,True,310.784,531.296,1.664,True
8192,receiver_dense,3,0,176,1790856441004239712,1790856441004582976,1,True,343.264,533.472,1.664,True
8192,receiver_dense,3,0,240,1790856441004266688,1790856441004578592,1,True,311.904,529.088,1.664,True
8192,receiver_dense,3,0,304,1790856441004401568,1790856441004684416,1,True,282.848,634.912,1.664,True
8192,receiver_dense,3,0,368,1790856441004399456,1790856441004684416,1,True,284.96,634.912,1.664,True
8192,receiver_dense,3,0,432,1790856441004404832,1790856441004684416,1,True,279.584,634.912,1.664,True
8192,receiver_dense,3,0,496,1790856441004404832,1790856441004682368,1,True,277.536,632.864,1.664,True
8192,receiver_dense,4,0,0,1790856441022360672,1790856441022614144,1,True,253.472,413.312,1.536,True
8192,receiver_dense,4,0,64,1790856441022358464,1790856441022617536,1,True,259.072,416.704,1.536,True
8192,receiver_dense,4,0,128,1790856441022356192,1790856441022645568,1,True,289.376,444.736,1.536,True
8192,receiver_dense,4,0,192,1790856441022360672,1790856441022657184,1,True,296.512,456.352,1.536,True
8192,receiver_dense,4,0,256,1790856441022487328,1790856441022788256,1,True,300.928,587.424,1.536,True
8192,receiver_dense,4,0,320,1790856441022500544,1790856441022791456,1,True,290.912,590.624,1.536,True
8192,receiver_dense,4,0,384,1790856441022492864,1790856441022797248,1,True,304.384,596.416,1.536,True
8192,receiver_dense,4,0,448,1790856441022492864,1790856441022782752,1,True,289.888,581.92,1.536,True
8192,receiver_dense,5,0,16,1790856441046743520,1790856441047069664,1,True,326.144,526.432,1.632,True
8192,receiver_dense,5,0,80,1790856441046743520,1790856441047070784,1,True,327.264,527.552,1.632,True
8192,receiver_dense,5,0,144,1790856441046743520,1790856441047070784,1,True,327.264,527.552,1.632,True
8192,receiver_dense,5,0,208,1790856441046760288,1790856441047074080,1,True,313.792,530.848,1.632,True
8192,receiver_dense,5,0,272,1790856441046893344,1790856441047184000,1,True,290.656,640.768,1.632,True
8192,receiver_dense,5,0,336,1790856441046892224,1790856441047189280,1,True,297.056,646.048,1.632,True
8192,receiver_dense,5,0,400,1790856441046893344,1790856441047189280,1,True,295.936,646.048,1.632,True
8192,receiver_dense,5,0,464,1790856441046893344,1790856441047190176,1,True,296.832,646.944,1.632,True
8192,receiver_dense,6,0,32,1790856441051158624,1790856441051419968,1,True,261.344,419.584,1.536,True
8192,receiver_dense,6,0,96,1790856441051160896,1790856441051430880,1,True,269.984,430.496,1.536,True
8192,receiver_dense,6,0,160,1790856441051160896,1790856441051458464,1,True,297.568,458.08,1.536,True
8192,receiver_dense,6,0,224,1790856441051156416,1790856441051460640,1,True,304.224,460.256,1.536,True
8192,receiver_dense,6,0,288,1790856441051301088,1790856441051572000,1,True,270.912,571.616,1.536,True
8192,receiver_dense,6,0,352,1790856441051292320,1790856441051578656,1,True,286.336,578.272,1.536,True
8192,receiver_dense,6,0,416,1790856441051294528,1790856441051566368,1,True,271.84,565.984,1.536,True
8192,receiver_dense,6,0,480,1790856441051295680,1790856441051576480,1,True,280.8,576.096,1.536,True
8192,receiver_dense,7,0,48,1790856441071858496,1790856441072160032,1,True,301.536,495.712,1.536,True
8192,receiver_dense,7,0,112,1790856441071859648,1790856441072169120,1,True,309.472,504.8,1.536,True
8192,receiver_dense,7,0,176,1790856441071876576,1790856441072171424,1,True,294.848,507.104,1.536,True
8192,receiver_dense,7,0,240,1790856441071859648,1790856441072162400,1,True,302.752,498.08,1.536,True
8192,receiver_dense,7,0,304,1790856441072012064,1790856441072280224,1,True,268.16,615.904,1.536,True
8192,receiver_dense,7,0,368,1790856441072013248,1790856441072269472,1,True,256.224,605.152,1.536,True
8192,receiver_dense,7,0,432,1790856441072013248,1790856441072284064,1,True,270.816,619.744,1.536,True
8192,receiver_dense,7,0,496,1790856441072013248,1790856441072268320,1,True,255.072,604.0,1.536,True
8192,receiver_dense,8,0,0,1790856441085328064,1790856441085592160,1,True,264.096,419.712,1.664,True
8192,receiver_dense,8,0,64,1790856441085328064,1790856441085589984,1,True,261.92,417.536,1.664,True
8192,receiver_dense,8,0,128,1790856441085328064,1790856441085617312,1,True,289.248,444.864,1.664,True
8192,receiver_dense,8,0,192,1790856441085328064,1790856441085629344,1,True,301.28,456.896,1.664,True
8192,receiver_dense,8,0,256,1790856441085457440,1790856441085773856,1,True,316.416,601.408,1.664,True
8192,receiver_dense,8,0,320,1790856441085463104,1790856441085753088,1,True,289.984,580.64,1.664,True
8192,receiver_dense,8,0,384,1790856441085465408,1790856441085747936,1,True,282.528,575.488,1.664,True
8192,receiver_dense,8,0,448,1790856441085465408,1790856441085746496,1,True,281.088,574.048,1.664,True
8192,receiver_dense,9,0,16,1790856441099338560,1790856441099641504,1,True,302.944,514.816,1.408,True
8192,receiver_dense,9,0,80,1790856441099337408,1790856441099644896,1,True,307.488,518.208,1.408,True
8192,receiver_dense,9,0,144,1790856441099317600,1790856441099649376,1,True,331.776,522.688,1.408,True
8192,receiver_dense,9,0,208,1790856441099318656,1790856441099642688,1,True,324.032,516.0,1.408,True
8192,receiver_dense,9,0,272,1790856441099471392,1790856441099755264,1,True,283.872,628.576,1.408,True
8192,receiver_dense,9,0,336,1790856441099471392,1790856441099758976,1,True,287.584,632.288,1.408,True
8192,receiver_dense,9,0,400,1790856441099471392,1790856441099757088,1,True,285.696,630.4,1.408,True
8192,receiver_dense,9,0,464,1790856441099472544,1790856441099759872,1,True,287.328,633.184,1.408,True
8192,receiver_dense,10,0,32,1790856441118102592,1790856441118385376,1,True,282.784,437.056,1.408,True
8192,receiver_dense,10,0,96,1790856441118105760,1790856441118401824,1,True,296.064,453.504,1.408,True
8192,receiver_dense,10,0,160,1790856441118102592,1790856441118413024,1,True,310.432,464.704,1.408,True
8192,receiver_dense,10,0,224,1790856441118102592,1790856441118414016,1,True,311.424,465.696,1.408,True
8192,receiver_dense,10,0,288,1790856441118244768,1790856441118519520,1,True,274.752,571.2,1.408,True
8192,receiver_dense,10,0,352,1790856441118239264,1790856441118517152,1,True,277.888,568.832,1.408,True
8192,receiver_dense,10,0,416,1790856441118236896,1790856441118519520,1,True,282.624,571.2,1.408,True
8192,receiver_dense,10,0,480,1790856441118239264,1790856441118532544,1,True,293.28,584.224,1.408,True
8192,receiver_dense,11,0,48,1790856441133951904,1790856441134266336,1,True,314.432,528.832,1.536,True
8192,receiver_dense,11,0,112,1790856441133930688,1790856441134260768,1,True,330.08,523.264,1.536,True
8192,receiver_dense,11,0,176,1790856441133949760,1790856441134266336,1,True,316.576,528.832,1.536,True
8192,receiver_dense,11,0,240,1790856441133929568,1790856441134267424,1,True,337.856,529.92,1.536,True
8192,receiver_dense,11,0,304,1790856441134082880,1790856441134374400,1,True,291.52,636.896,1.536,True
8192,receiver_dense,11,0,368,1790856441134082880,1790856441134373376,1,True,290.496,635.872,1.536,True
8192,receiver_dense,11,0,432,1790856441134082880,1790856441134371296,1,True,288.416,633.792,1.536,True
8192,receiver_dense,11,0,496,1790856441134083968,1790856441134363136,1,True,279.168,625.632,1.536,True
8192,receiver_dense,12,0,0,1790856441148679744,1790856441148927296,1,True,247.552,408.896,1.408,True
8192,receiver_dense,12,0,64,1790856441148678592,1790856441148930624,1,True,252.032,412.224,1.408,True
8192,receiver_dense,12,0,128,1790856441148674176,1790856441148958624,1,True,284.448,440.224,1.408,True
8192,receiver_dense,12,0,192,1790856441148678592,1790856441148967584,1,True,288.992,449.184,1.408,True
8192,receiver_dense,12,0,256,1790856441148804384,1790856441149116288,1,True,311.904,597.888,1.408,True
8192,receiver_dense,12,0,320,1790856441148813472,1790856441149116288,1,True,302.816,597.888,1.408,True
8192,receiver_dense,12,0,384,1790856441148814624,1790856441149116288,1,True,301.664,597.888,1.408,True
8192,receiver_dense,12,0,448,1790856441148814624,1790856441149084928,1,True,270.304,566.528,1.408,True
8192,receiver_dense,13,0,16,1790856441165871968,1790856441166187200,1,True,315.232,532.928,1.408,True
8192,receiver_dense,13,0,80,1790856441165873984,1790856441166188352,1,True,314.368,534.08,1.408,True
8192,receiver_dense,13,0,144,1790856441165873984,1790856441166186016,1,True,312.032,531.744,1.408,True
8192,receiver_dense,13,0,208,1790856441165844576,1790856441166183776,1,True,339.2,529.504,1.408,True
8192,receiver_dense,13,0,272,1790856441165999648,1790856441166300544,1,True,300.896,646.272,1.408,True
8192,receiver_dense,13,0,336,1790856441165998560,1790856441166298624,1,True,300.064,644.352,1.408,True
8192,receiver_dense,13,0,400,1790856441165998560,1790856441166301440,1,True,302.88,647.168,1.408,True
8192,receiver_dense,13,0,464,1790856441165999648,1790856441166300544,1,True,300.896,646.272,1.408,True
8192,receiver_dense,14,0,32,1790856441180944576,1790856441181194240,1,True,249.664,409.248,1.408,True
8192,receiver_dense,14,0,96,1790856441180942368,1790856441181214784,1,True,272.416,429.792,1.408,True
8192,receiver_dense,14,0,160,1790856441180944576,1790856441181248544,1,True,303.968,463.552,1.408,True
8192,receiver_dense,14,0,224,1790856441180944576,1790856441181255072,1,True,310.496,470.08,1.408,True
8192,receiver_dense,14,0,288,1790856441181081376,1790856441181366176,1,True,284.8,581.184,1.408,True
8192,receiver_dense,14,0,352,1790856441181071552,1790856441181382016,1,True,310.464,597.024,1.408,True
8192,receiver_dense,14,0,416,1790856441181076032,1790856441181367296,1,True,291.264,582.304,1.408,True
8192,receiver_dense,14,0,480,1790856441181074880,1790856441181372576,1,True,297.696,587.584,1.408,True
8192,receiver_dense,15,0,48,1790856441194139584,1790856441194446784,1,True,307.2,520.352,1.536,True
8192,receiver_dense,15,0,112,1790856441194122144,1790856441194447936,1,True,325.792,521.504,1.536,True
8192,receiver_dense,15,0,176,1790856441194124320,1790856441194454112,1,True,329.792,527.68,1.536,True
8192,receiver_dense,15,0,240,1790856441194119872,1790856441194450016,1,True,330.144,523.584,1.536,True
8192,receiver_dense,15,0,304,1790856441194272832,1790856441194560896,1,True,288.064,634.464,1.536,True
8192,receiver_dense,15,0,368,1790856441194272832,1790856441194561920,1,True,289.088,635.488,1.536,True
8192,receiver_dense,15,0,432,1790856441194274976,1790856441194553728,1,True,278.752,627.296,1.536,True
8192,receiver_dense,15,0,496,1790856441194272832,1790856441194551648,1,True,278.816,625.216,1.536,True
8192,receiver_dense,16,0,0,1790856441216730048,1790856441216978400,1,True,248.352,406.976,1.632,True
8192,receiver_dense,16,0,64,1790856441216727872,1790856441216982816,1,True,254.944,411.392,1.632,True
8192,receiver_dense,16,0,128,1790856441216730048,1790856441217011936,1,True,281.888,440.512,1.632,True
8192,receiver_dense,16,0,192,1790856441216730048,1790856441217025792,1,True,295.744,454.368,1.632,True
8192,receiver_dense,16,0,256,1790856441216853792,1790856441217145376,1,True,291.584,573.952,1.632,True
8192,receiver_dense,16,0,320,1790856441216860640,1790856441217142208,1,True,281.568,570.784,1.632,True
8192,receiver_dense,16,0,384,1790856441216862880,1790856441217142208,1,True,279.328,570.784,1.632,True
8192,receiver_dense,16,0,448,1790856441216862880,1790856441217149248,1,True,286.368,577.824,1.632,True
8192,receiver_dense,17,0,16,1790856441229133376,1790856441229434912,1,True,301.536,517.248,1.504,True
8192,receiver_dense,17,0,80,1790856441229108704,1790856441229440672,1,True,331.968,523.008,1.504,True
8192,receiver_dense,17,0,144,1790856441229107520,1790856441229433792,1,True,326.272,516.128,1.504,True
8192,receiver_dense,17,0,208,1790856441229136832,1790856441229438400,1,True,301.568,520.736,1.504,True
8192,receiver_dense,17,0,272,1790856441229257920,1790856441229539552,1,True,281.632,621.888,1.504,True
8192,receiver_dense,17,0,336,1790856441229260064,1790856441229525120,1,True,265.056,607.456,1.504,True
8192,receiver_dense,17,0,400,1790856441229260064,1790856441229541376,1,True,281.312,623.712,1.504,True
8192,receiver_dense,17,0,464,1790856441229260064,1790856441229537504,1,True,277.44,619.84,1.504,True
8192,receiver_dense,18,0,32,1790856441239424832,1790856441239673024,1,True,248.192,402.208,1.408,True
8192,receiver_dense,18,0,96,1790856441239422528,1790856441239696192,1,True,273.664,425.376,1.408,True
8192,receiver_dense,18,0,160,1790856441239423680,1790856441239728192,1,True,304.512,457.376,1.408,True
8192,receiver_dense,18,0,224,1790856441239423680,1790856441239725952,1,True,302.272,455.136,1.408,True
8192,receiver_dense,18,0,288,1790856441239563872,1790856441239841056,1,True,277.184,570.24,1.408,True
8192,receiver_dense,18,0,352,1790856441239559232,1790856441239858048,1,True,298.816,587.232,1.408,True
8192,receiver_dense,18,0,416,1790856441239562784,1790856441239848608,1,True,285.824,577.792,1.408,True
8192,receiver_dense,18,0,480,1790856441239562784,1790856441239849760,1,True,286.976,578.944,1.408,True
8192,receiver_dense,19,0,48,1790856441257284960,1790856441257611456,1,True,326.496,524.224,1.408,True
8192,receiver_dense,19,0,112,1790856441257284960,1790856441257617088,1,True,332.128,529.856,1.408,True
8192,receiver_dense,19,0,176,1790856441257301696,1790856441257619232,1,True,317.536,532.0,1.408,True
8192,receiver_dense,19,0,240,1790856441257286080,1790856441257617088,1,True,331.008,529.856,1.408,True
8192,receiver_dense,19,0,304,1790856441257432768,1790856441257718016,1,True,285.248,630.784,1.408,True
8192,receiver_dense,19,0,368,1790856441257430432,1790856441257734400,1,True,303.968,647.168,1.408,True
8192,receiver_dense,19,0,432,1790856441257434912,1790856441257724128,1,True,289.216,636.896,1.408,True
8192,receiver_dense,19,0,496,1790856441257434912,1790856441257726176,1,True,291.264,638.944,1.408,True
8192,receiver_dense,0,1,512,1790856396287016128,1790856396286771520,0,True,244.608,411.904,1.824,True
8192,receiver_dense,0,1,576,1790856396287018720,1790856396286767680,0,True,251.04,414.496,1.824,True
8192,receiver_dense,0,1,640,1790856396287043616,1790856396286771520,0,True,272.096,439.392,1.824,True
8192,receiver_dense,0,1,704,1790856396287052608,1790856396286770240,0,True,282.368,448.384,1.824,True
8192,receiver_dense,0,1,768,1790856396287185728,1790856396286911040,0,True,274.688,581.504,1.824,True
8192,receiver_dense,0,1,832,1790856396287190848,1790856396286916032,0,True,274.816,586.624,1.824,True
8192,receiver_dense,0,1,896,1790856396287193184,1790856396286916032,0,True,277.152,588.96,1.824,True
8192,receiver_dense,0,1,960,1790856396287197888,1790856396286914720,0,True,283.168,593.664,1.824,True
8192,receiver_dense,1,1,528,1790856396311749984,1790856396311471232,0,True,278.752,509.184,1.792,True
8192,receiver_dense,1,1,592,1790856396311748608,1790856396311440384,0,True,308.224,507.808,1.792,True
8192,receiver_dense,1,1,656,1790856396311752352,1790856396311471232,0,True,281.12,511.552,1.792,True
8192,receiver_dense,1,1,720,1790856396311746048,1790856396311466240,0,True,279.808,505.248,1.792,True
8192,receiver_dense,1,1,784,1790856396311874400,1790856396311598976,0,True,275.424,633.6,1.792,True
8192,receiver_dense,1,1,848,1790856396311874400,1790856396311605056,0,True,269.344,633.6,1.792,True
8192,receiver_dense,1,1,912,1790856396311869760,1790856396311605056,0,True,264.704,628.96,1.792,True
8192,receiver_dense,1,1,976,1790856396311875424,1790856396311603840,0,True,271.584,634.624,1.792,True
8192,receiver_dense,2,1,544,1790856396316173376,1790856396315923456,0,True,249.92,411.52,1.792,True
8192,receiver_dense,2,1,608,1790856396316200288,1790856396315925568,0,True,274.72,438.432,1.792,True
8192,receiver_dense,2,1,672,1790856396316212448,1790856396315923456,0,True,288.992,450.592,1.792,True
8192,receiver_dense,2,1,736,1790856396316213664,1790856396315923456,0,True,290.208,451.808,1.792,True
8192,receiver_dense,2,1,800,1790856396316323808,1790856396316068864,0,True,254.944,561.952,1.792,True
8192,receiver_dense,2,1,864,1790856396316334400,1790856396316059616,0,True,274.784,572.544,1.792,True
8192,receiver_dense,2,1,928,1790856396316332128,1790856396316058432,0,True,273.696,570.272,1.792,True
8192,receiver_dense,2,1,992,1790856396316325056,1790856396316058432,0,True,266.624,563.2,1.792,True
8192,receiver_dense,3,1,560,1790856396333077472,1790856396332778848,0,True,298.624,512.96,1.792,True
8192,receiver_dense,3,1,624,1790856396333070336,1790856396332764992,0,True,305.344,505.824,1.792,True
8192,receiver_dense,3,1,688,1790856396333071616,1790856396332762720,0,True,308.896,507.104,1.792,True
8192,receiver_dense,3,1,752,1790856396333069152,1790856396332762720,0,True,306.432,504.64,1.792,True
8192,receiver_dense,3,1,816,1790856396333193632,1790856396332916192,0,True,277.44,629.12,1.792,True
8192,receiver_dense,3,1,880,1790856396333182880,1790856396332914976,0,True,267.904,618.368,1.792,True
8192,receiver_dense,3,1,944,1790856396333180704,1790856396332918432,0,True,262.272,616.192,1.792,True
8192,receiver_dense,3,1,1008,1790856396333186176,1790856396332918432,0,True,267.744,621.664,1.792,True
8192,receiver_dense,4,1,512,1790856396351103776,1790856396350872928,0,True,230.848,386.496,1.696,True
8192,receiver_dense,4,1,576,1790856396351105024,1790856396350875264,0,True,229.76,387.744,1.696,True
8192,receiver_dense,4,1,640,1790856396351132512,1790856396350875264,0,True,257.248,415.232,1.696,True
8192,receiver_dense,4,1,704,1790856396351140352,1790856396350875264,0,True,265.088,423.072,1.696,True
8192,receiver_dense,4,1,768,1790856396351267936,1790856396351007200,0,True,260.736,550.656,1.696,True
8192,receiver_dense,4,1,832,1790856396351271360,1790856396351011584,0,True,259.776,554.08,1.696,True
8192,receiver_dense,4,1,896,1790856396351264480,1790856396351011584,0,True,252.896,547.2,1.696,True
8192,receiver_dense,4,1,960,1790856396351255232,1790856396351014048,0,True,241.184,537.952,1.696,True
8192,receiver_dense,5,1,528,1790856396375554016,1790856396375260320,0,True,293.696,495.552,1.664,True
8192,receiver_dense,5,1,592,1790856396375559840,1790856396375257920,0,True,301.92,501.376,1.664,True
8192,receiver_dense,5,1,656,1790856396375548128,1790856396375281760,0,True,266.368,489.664,1.664,True
8192,receiver_dense,5,1,720,1790856396375555200,1790856396375260320,0,True,294.88,496.736,1.664,True
8192,receiver_dense,5,1,784,1790856396375658912,1790856396375410240,0,True,248.672,600.448,1.664,True
8192,receiver_dense,5,1,848,1790856396375651648,1790856396375406816,0,True,244.832,593.184,1.664,True
8192,receiver_dense,5,1,912,1790856396375660960,1790856396375412544,0,True,248.416,602.496,1.664,True
8192,receiver_dense,5,1,976,1790856396375659968,1790856396375412544,0,True,247.424,601.504,1.664,True
8192,receiver_dense,6,1,544,1790856396379904768,1790856396379671008,0,True,233.76,391.584,1.664,True
8192,receiver_dense,6,1,608,1790856396379927232,1790856396379671008,0,True,256.224,414.048,1.664,True
8192,receiver_dense,6,1,672,1790856396379943360,1790856396379674528,0,True,268.832,430.176,1.664,True
8192,receiver_dense,6,1,736,1790856396379946816,1790856396379673248,0,True,273.568,433.632,1.664,True
8192,receiver_dense,6,1,800,1790856396380064800,1790856396379813312,0,True,251.488,551.616,1.664,True
8192,receiver_dense,6,1,864,1790856396380068320,1790856396379805152,0,True,263.168,555.136,1.664,True
8192,receiver_dense,6,1,928,1790856396380065952,1790856396379805152,0,True,260.8,552.768,1.664,True
8192,receiver_dense,6,1,992,1790856396380068320,1790856396379805152,0,True,263.168,555.136,1.664,True
8192,receiver_dense,7,1,560,1790856396400674304,1790856396400349856,0,True,324.448,520.768,1.792,True
8192,receiver_dense,7,1,624,1790856396400685632,1790856396400349856,0,True,335.776,532.096,1.792,True
8192,receiver_dense,7,1,688,1790856396400683520,1790856396400351104,0,True,332.416,529.984,1.792,True
8192,receiver_dense,7,1,752,1790856396400675296,1790856396400353376,0,True,321.92,521.76,1.792,True
8192,receiver_dense,7,1,816,1790856396400785536,1790856396400505312,0,True,280.224,632.0,1.792,True
8192,receiver_dense,7,1,880,1790856396400784384,1790856396400506432,0,True,277.952,630.848,1.792,True
8192,receiver_dense,7,1,944,1790856396400777216,1790856396400505312,0,True,271.904,623.68,1.792,True
8192,receiver_dense,7,1,1008,1790856396400779264,1790856396400506432,0,True,272.832,625.728,1.792,True
8192,receiver_dense,8,1,512,1790856396414086592,1790856396413845216,0,True,241.376,401.6,1.792,True
8192,receiver_dense,8,1,576,1790856396414084416,1790856396413844064,0,True,240.352,399.424,1.792,True
8192,receiver_dense,8,1,640,1790856396414098912,1790856396413847680,0,True,251.232,413.92,1.792,True
8192,receiver_dense,8,1,704,1790856396414112704,1790856396413839456,0,True,273.248,427.712,1.792,True
8192,receiver_dense,8,1,768,1790856396414261760,1790856396413974112,0,True,287.648,576.768,1.792,True
8192,receiver_dense,8,1,832,1790856396414263968,1790856396413977696,0,True,286.272,578.976,1.792,True
8192,receiver_dense,8,1,896,1790856396414263968,1790856396413978848,0,True,285.12,578.976,1.792,True
8192,receiver_dense,8,1,960,1790856396414228704,1790856396413980064,0,True,248.64,543.712,1.792,True
8192,receiver_dense,9,1,528,1790856396428131936,1790856396427850816,0,True,281.12,495.776,1.536,True
8192,receiver_dense,9,1,592,1790856396428126144,1790856396427833056,0,True,293.088,489.984,1.536,True
8192,receiver_dense,9,1,656,1790856396428126144,1790856396427831840,0,True,294.304,489.984,1.536,True
8192,receiver_dense,9,1,720,1790856396428123744,1790856396427835552,0,True,288.192,487.584,1.536,True
8192,receiver_dense,9,1,784,1790856396428238112,1790856396427987872,0,True,250.24,601.952,1.536,True
8192,receiver_dense,9,1,848,1790856396428238112,1790856396427985568,0,True,252.544,601.952,1.536,True
8192,receiver_dense,9,1,912,1790856396428236992,1790856396427984416,0,True,252.576,600.832,1.536,True
8192,receiver_dense,9,1,976,1790856396428238112,1790856396427987872,0,True,250.24,601.952,1.536,True
8192,receiver_dense,10,1,544,1790856396446887104,1790856396446600640,0,True,286.464,447.136,1.664,True
8192,receiver_dense,10,1,608,1790856396446909024,1790856396446603040,0,True,305.984,469.056,1.664,True
8192,receiver_dense,10,1,672,1790856396446924064,1790856396446604256,0,True,319.808,484.096,1.664,True
8192,receiver_dense,10,1,736,1790856396446922944,1790856396446604256,0,True,318.688,482.976,1.664,True
8192,receiver_dense,10,1,800,1790856396447041088,1790856396446741728,0,True,299.36,601.12,1.664,True
8192,receiver_dense,10,1,864,1790856396447033504,1790856396446735936,0,True,297.568,593.536,1.664,True
8192,receiver_dense,10,1,928,1790856396447038880,1790856396446734816,0,True,304.064,598.912,1.664,True
8192,receiver_dense,10,1,992,1790856396447028064,1790856396446735936,0,True,292.128,588.096,1.664,True
8192,receiver_dense,11,1,560,1790856396462746048,1790856396462451008,0,True,295.04,493.216,1.664,True
8192,receiver_dense,11,1,624,1790856396462743744,1790856396462451008,0,True,292.736,490.912,1.664,True
8192,receiver_dense,11,1,688,1790856396462749472,1790856396462448480,0,True,300.992,496.64,1.664,True
8192,receiver_dense,11,1,752,1790856396462748352,1790856396462467296,0,True,281.056,495.52,1.664,True
8192,receiver_dense,11,1,816,1790856396462850752,1790856396462600448,0,True,250.304,597.92,1.664,True
8192,receiver_dense,11,1,880,1790856396462855104,1790856396462602816,0,True,252.288,602.272,1.664,True
8192,receiver_dense,11,1,944,1790856396462850752,1790856396462604000,0,True,246.752,597.92,1.664,True
8192,receiver_dense,11,1,1008,1790856396462847520,1790856396462604000,0,True,243.52,594.688,1.664,True
8192,receiver_dense,12,1,512,1790856396477409920,1790856396477188544,0,True,221.376,380.416,2.016,True
8192,receiver_dense,12,1,576,1790856396477412384,1790856396477190880,0,True,221.504,382.88,2.016,True
8192,receiver_dense,12,1,640,1790856396477434912,1790856396477190880,0,True,244.032,405.408,2.016,True
8192,receiver_dense,12,1,704,1790856396477462432,1790856396477190880,0,True,271.552,432.928,2.016,True
8192,receiver_dense,12,1,768,1790856396477573824,1790856396477315680,0,True,258.144,544.32,2.016,True
8192,receiver_dense,12,1,832,1790856396477576128,1790856396477319008,0,True,257.12,546.624,2.016,True
8192,receiver_dense,12,1,896,1790856396477597248,1790856396477319008,0,True,278.24,567.744,2.016,True
8192,receiver_dense,12,1,960,1790856396477572704,1790856396477320000,0,True,252.704,543.2,2.016,True
8192,receiver_dense,13,1,528,1790856396494652992,1790856396494362592,0,True,290.4,487.456,1.536,True
8192,receiver_dense,13,1,592,1790856396494661984,1790856396494361344,0,True,300.64,496.448,1.536,True
8192,receiver_dense,13,1,656,1790856396494657600,1790856396494361344,0,True,296.256,492.064,1.536,True
8192,receiver_dense,13,1,720,1790856396494658784,1790856396494361344,0,True,297.44,493.248,1.536,True
8192,receiver_dense,13,1,784,1790856396494768544,1790856396494517184,0,True,251.36,603.008,1.536,True
8192,receiver_dense,13,1,848,1790856396494765216,1790856396494515072,0,True,250.144,599.68,1.536,True
8192,receiver_dense,13,1,912,1790856396494766400,1790856396494517184,0,True,249.216,600.864,1.536,True
8192,receiver_dense,13,1,976,1790856396494759712,1790856396494517184,0,True,242.528,594.176,1.536,True
8192,receiver_dense,14,1,544,1790856396509674976,1790856396509459936,0,True,215.04,373.92,1.792,True
8192,receiver_dense,14,1,608,1790856396509698080,1790856396509459936,0,True,238.144,397.024,1.792,True
8192,receiver_dense,14,1,672,1790856396509726176,1790856396509463360,0,True,262.816,425.12,1.792,True
8192,receiver_dense,14,1,736,1790856396509724992,1790856396509462240,0,True,262.752,423.936,1.792,True
8192,receiver_dense,14,1,800,1790856396509846656,1790856396509602528,0,True,244.128,545.6,1.792,True
8192,receiver_dense,14,1,864,1790856396509852224,1790856396509595584,0,True,256.64,551.168,1.792,True
8192,receiver_dense,14,1,928,1790856396509835040,1790856396509595584,0,True,239.456,533.984,1.792,True
8192,receiver_dense,14,1,992,1790856396509843136,1790856396509595584,0,True,247.552,542.08,1.792,True
8192,receiver_dense,15,1,560,1790856396522939392,1790856396522640416,0,True,298.976,497.824,1.92,True
8192,receiver_dense,15,1,624,1790856396522940608,1790856396522640416,0,True,300.192,499.04,1.92,True
8192,receiver_dense,15,1,688,1790856396522933632,1790856396522637952,0,True,295.68,492.064,1.92,True
8192,receiver_dense,15,1,752,1790856396522925504,1790856396522640416,0,True,285.088,483.936,1.92,True
8192,receiver_dense,15,1,816,1790856396523037760,1790856396522796640,0,True,241.12,596.192,1.92,True
8192,receiver_dense,15,1,880,1790856396523039872,1790856396522789696,0,True,250.176,598.304,1.92,True
8192,receiver_dense,15,1,944,1790856396523031968,1790856396522794304,0,True,237.664,590.4,1.92,True
8192,receiver_dense,15,1,1008,1790856396523036608,1790856396522796640,0,True,239.968,595.04,1.92,True
8192,receiver_dense,16,1,512,1790856396545471616,1790856396545236704,0,True,234.912,388.736,1.664,True
8192,receiver_dense,16,1,576,1790856396545467936,1790856396545239040,0,True,228.896,385.056,1.664,True
8192,receiver_dense,16,1,640,1790856396545489696,1790856396545242464,0,True,247.232,406.816,1.664,True
8192,receiver_dense,16,1,704,1790856396545505280,1790856396545239040,0,True,266.24,422.4,1.664,True
8192,receiver_dense,16,1,768,1790856396545624128,1790856396545370592,0,True,253.536,541.248,1.664,True
8192,receiver_dense,16,1,832,1790856396545633344,1790856396545377152,0,True,256.192,550.464,1.664,True
8192,receiver_dense,16,1,896,1790856396545624128,1790856396545377152,0,True,246.976,541.248,1.664,True
8192,receiver_dense,16,1,960,1790856396545635424,1790856396545374944,0,True,260.48,552.544,1.664,True
8192,receiver_dense,17,1,528,1790856396557918016,1790856396557642176,0,True,275.84,492.416,1.792,True
8192,receiver_dense,17,1,592,1790856396557920352,1790856396557618176,0,True,302.176,494.752,1.792,True
8192,receiver_dense,17,1,656,1790856396557914592,1790856396557640992,0,True,273.6,488.992,1.792,True
8192,receiver_dense,17,1,720,1790856396557920352,1790856396557620480,0,True,299.872,494.752,1.792,True
8192,receiver_dense,17,1,784,1790856396558028576,1790856396557789600,0,True,238.976,602.976,1.792,True
8192,receiver_dense,17,1,848,1790856396558020288,1790856396557789600,0,True,230.688,594.688,1.792,True
8192,receiver_dense,17,1,912,1790856396558029632,1790856396557779264,0,True,250.368,604.032,1.792,True
8192,receiver_dense,17,1,976,1790856396558022368,1790856396557789600,0,True,232.768,596.768,1.792,True
8192,receiver_dense,18,1,544,1790856396568170624,1790856396567938432,0,True,232.192,388.768,1.696,True
8192,receiver_dense,18,1,608,1790856396568184448,1790856396567941792,0,True,242.656,402.592,1.696,True
8192,receiver_dense,18,1,672,1790856396568205760,1790856396567938432,0,True,267.328,423.904,1.696,True
8192,receiver_dense,18,1,736,1790856396568206880,1790856396567937248,0,True,269.632,425.024,1.696,True
8192,receiver_dense,18,1,800,1790856396568338400,1790856396568079168,0,True,259.232,556.544,1.696,True
8192,receiver_dense,18,1,864,1790856396568331712,1790856396568076896,0,True,254.816,549.856,1.696,True
8192,receiver_dense,18,1,928,1790856396568320192,1790856396568073312,0,True,246.88,538.336,1.696,True
8192,receiver_dense,18,1,992,1790856396568324800,1790856396568074464,0,True,250.336,542.944,1.696,True
8192,receiver_dense,19,1,560,1790856396586097248,1790856396585798752,0,True,298.496,495.392,1.664,True
8192,receiver_dense,19,1,624,1790856396586092576,1790856396585801088,0,True,291.488,490.72,1.664,True
8192,receiver_dense,19,1,688,1790856396586090112,1790856396585804672,0,True,285.44,488.256,1.664,True
8192,receiver_dense,19,1,752,1790856396586093792,1790856396585820896,0,True,272.896,491.936,1.664,True
8192,receiver_dense,19,1,816,1790856396586197312,1790856396585952256,0,True,245.056,595.456,1.664,True
8192,receiver_dense,19,1,880,1790856396586197312,1790856396585955744,0,True,241.568,595.456,1.664,True
8192,receiver_dense,19,1,944,1790856396586201920,1790856396585955744,0,True,246.176,600.064,1.664,True
8192,receiver_dense,19,1,1008,1790856396586195296,1790856396585954624,0,True,240.672,593.44,1.664,True
