K_global,rank,stage,count,mean_us,min_us,max_us,kernel_name
2048,0,workspace_memset,20,1.84955,1.088,2.015,Memset (Device)
2048,0,fused_gemm_remote_store,20,198.24515,193.889,239.073,__nv_static_124__4fef37b2_94_flux_bf16_bf16_void_bf16_fp32_fp32_sm80_a100_reducescatter_rcr_gemmv2_false_false_intranode_cu_5c16cc9b_3956411__ZN7cutlass7Kernel2I163flux_bf16_bf16_void_bf16_fp32_fp32_sm80_a100_reducescatter_rcr_gemmv2_false_false_intranode_64x64x32_16x8x16_streamksk_nil_128x128x32_gemmstreamk_3_rasterheuristicEEvNT_6ParamsE
2048,0,ipc_barrier,20,12.8511,11.136,14.336,bytedance::flux::CudaIpcBarrierAllKernel(bytedance::flux::CudaIpcBarrierAllArgs)
2048,0,final_local_reduce,20,54.13785,53.632,55.2,"void at::native::reduce_kernel<128, 4, at::native::ReduceOp<c10::BFloat16, at::native::func_wrapper_t<c10::BFloat16, at::native::sum_functor<c10::BFloat16, float, c10::BFloat16>::operator()(at::TensorIterator&)::{lambda(float, float)#1}>, unsigned int, c10::BFloat16, 4> >(at::native::ReduceOp<c10::BFloat16, at::native::func_wrapper_t<c10::BFloat16, at::native::sum_functor<c10::BFloat16, float, c10::BFloat16>::operator()(at::TensorIterator&)::{lambda(float, float)#1}>, unsigned int, c10::BFloat16, 4>)"
2048,1,workspace_memset,20,1.84,1.024,2.368,Memset (Device)
2048,1,fused_gemm_remote_store,20,201.55075,195.713,268.704,__nv_static_124__4fef37b2_94_flux_bf16_bf16_void_bf16_fp32_fp32_sm80_a100_reducescatter_rcr_gemmv2_false_false_intranode_cu_5c16cc9b_3956411__ZN7cutlass7Kernel2I163flux_bf16_bf16_void_bf16_fp32_fp32_sm80_a100_reducescatter_rcr_gemmv2_false_false_intranode_64x64x32_16x8x16_streamksk_nil_128x128x32_gemmstreamk_3_rasterheuristicEEvNT_6ParamsE
2048,1,ipc_barrier,20,11.65605,11.296,14.752,bytedance::flux::CudaIpcBarrierAllKernel(bytedance::flux::CudaIpcBarrierAllArgs)
2048,1,final_local_reduce,20,53.59705,52.576,54.753,"void at::native::reduce_kernel<128, 4, at::native::ReduceOp<c10::BFloat16, at::native::func_wrapper_t<c10::BFloat16, at::native::sum_functor<c10::BFloat16, float, c10::BFloat16>::operator()(at::TensorIterator&)::{lambda(float, float)#1}>, unsigned int, c10::BFloat16, 4> >(at::native::ReduceOp<c10::BFloat16, at::native::func_wrapper_t<c10::BFloat16, at::native::sum_functor<c10::BFloat16, float, c10::BFloat16>::operator()(at::TensorIterator&)::{lambda(float, float)#1}>, unsigned int, c10::BFloat16, 4>)"
8192,0,workspace_memset,20,1.8561,1.088,2.016,Memset (Device)
8192,0,fused_gemm_remote_store,20,567.3545,558.911,585.759,__nv_static_124__4fef37b2_94_flux_bf16_bf16_void_bf16_fp32_fp32_sm80_a100_reducescatter_rcr_gemmv2_false_false_intranode_cu_5c16cc9b_3956411__ZN7cutlass7Kernel2I163flux_bf16_bf16_void_bf16_fp32_fp32_sm80_a100_reducescatter_rcr_gemmv2_false_false_intranode_64x64x32_16x8x16_streamksk_nil_128x128x32_gemmstreamk_3_rasterheuristicEEvNT_6ParamsE
8192,0,ipc_barrier,20,11.443249999999999,10.976,14.848,bytedance::flux::CudaIpcBarrierAllKernel(bytedance::flux::CudaIpcBarrierAllArgs)
8192,0,final_local_reduce,20,54.81265,53.984,55.584,"void at::native::reduce_kernel<128, 4, at::native::ReduceOp<c10::BFloat16, at::native::func_wrapper_t<c10::BFloat16, at::native::sum_functor<c10::BFloat16, float, c10::BFloat16>::operator()(at::TensorIterator&)::{lambda(float, float)#1}>, unsigned int, c10::BFloat16, 4> >(at::native::ReduceOp<c10::BFloat16, at::native::func_wrapper_t<c10::BFloat16, at::native::sum_functor<c10::BFloat16, float, c10::BFloat16>::operator()(at::TensorIterator&)::{lambda(float, float)#1}>, unsigned int, c10::BFloat16, 4>)"
8192,1,workspace_memset,20,1.8112,1.024,1.984,Memset (Device)
8192,1,fused_gemm_remote_store,20,560.0451,555.586,576.226,__nv_static_124__4fef37b2_94_flux_bf16_bf16_void_bf16_fp32_fp32_sm80_a100_reducescatter_rcr_gemmv2_false_false_intranode_cu_5c16cc9b_3956411__ZN7cutlass7Kernel2I163flux_bf16_bf16_void_bf16_fp32_fp32_sm80_a100_reducescatter_rcr_gemmv2_false_false_intranode_64x64x32_16x8x16_streamksk_nil_128x128x32_gemmstreamk_3_rasterheuristicEEvNT_6ParamsE
8192,1,ipc_barrier,20,18.3488,11.487,33.632,bytedance::flux::CudaIpcBarrierAllKernel(bytedance::flux::CudaIpcBarrierAllArgs)
8192,1,final_local_reduce,20,53.56175,53.12,53.952,"void at::native::reduce_kernel<128, 4, at::native::ReduceOp<c10::BFloat16, at::native::func_wrapper_t<c10::BFloat16, at::native::sum_functor<c10::BFloat16, float, c10::BFloat16>::operator()(at::TensorIterator&)::{lambda(float, float)#1}>, unsigned int, c10::BFloat16, 4> >(at::native::ReduceOp<c10::BFloat16, at::native::func_wrapper_t<c10::BFloat16, at::native::sum_functor<c10::BFloat16, float, c10::BFloat16>::operator()(at::TensorIterator&)::{lambda(float, float)#1}>, unsigned int, c10::BFloat16, 4>)"
