job,window,block,policy,ms_per_step,loss_step21,loss_step50,grad_norm_step21,grad_norm_step50,skips,finite
178711,0,0,native,67.68515296280384,0.8222955465316772,0.0038695954717695713,5.889728670201519,0.02256852278243776,0,True
178711,1,0,original,64.98346664011478,0.8229674696922302,0.003873278619721532,5.880014430437092,0.022507567308699822,0,True
178711,2,0,interleaved,64.30218170086543,0.8210965394973755,0.003869776614010334,5.8326405068358556,0.02261568489008136,0,True
178711,3,0,remote_first,64.40784024695556,0.8223279714584351,0.003872366389259696,5.85816849557595,0.022548822355042485,0,True
178711,4,1,original,63.98205148677031,0.8229674696922302,0.003873278619721532,5.880014430437092,0.022507567308699822,0,True
178711,5,1,remote_first,64.29795138537884,0.8223279714584351,0.003872366389259696,5.85816849557595,0.022548822355042485,0,True
178711,6,1,native,67.98060759902,0.8222955465316772,0.0038695954717695713,5.889728670201519,0.02256852278243776,0,True
178711,7,1,interleaved,64.55191038548946,0.8210965394973755,0.003869776614010334,5.8326405068358556,0.02261568489008136,0,True
178711,8,2,remote_first,64.05715656777222,0.8223279714584351,0.003872366389259696,5.85816849557595,0.022548822355042485,0,True
178711,9,2,interleaved,64.29712076981862,0.8210965394973755,0.003869776614010334,5.8326405068358556,0.02261568489008136,0,True
178711,10,2,original,64.1505731890599,0.8229674696922302,0.003873278619721532,5.880014430437092,0.022507567308699822,0,True
178711,11,2,native,67.34451055526733,0.8222955465316772,0.0038695954717695713,5.889728670201519,0.02256852278243776,0,True
178711,12,3,interleaved,64.61624378959338,0.8210965394973755,0.003869776614010334,5.8326405068358556,0.02261568489008136,0,True
178711,13,3,native,67.50348719457786,0.8222955465316772,0.0038695954717695713,5.889728670201519,0.02256852278243776,0,True
178711,14,3,remote_first,64.75092160205047,0.8223279714584351,0.003872366389259696,5.85816849557595,0.022548822355042485,0,True
178711,15,3,original,64.27558076878388,0.8229674696922302,0.003873278619721532,5.880014430437092,0.022507567308699822,0,True
178711,16,4,interleaved,64.71586128075917,0.8210965394973755,0.003869776614010334,5.8326405068358556,0.02261568489008136,0,True
178711,17,4,native,67.66264985005061,0.8222955465316772,0.0038695954717695713,5.889728670201519,0.02256852278243776,0,True
178711,18,4,remote_first,64.55886264642079,0.8223279714584351,0.003872366389259696,5.85816849557595,0.022548822355042485,0,True
178711,19,4,original,64.85826174418132,0.8229674696922302,0.003873278619721532,5.880014430437092,0.022507567308699822,0,True
178711,20,5,remote_first,64.48048924406369,0.8223279714584351,0.003872366389259696,5.85816849557595,0.022548822355042485,0,True
178711,21,5,interleaved,65.06037128468354,0.8210965394973755,0.003869776614010334,5.8326405068358556,0.02261568489008136,0,True
178711,22,5,original,64.33198104302089,0.8229674696922302,0.003873278619721532,5.880014430437092,0.022507567308699822,0,True
178711,23,5,native,68.59171725809574,0.8222955465316772,0.0038695954717695713,5.889728670201519,0.02256852278243776,0,True
178711,24,6,original,64.77824871738751,0.8229674696922302,0.003873278619721532,5.880014430437092,0.022507567308699822,0,True
178711,25,6,remote_first,65.51348616679509,0.8223279714584351,0.003872366389259696,5.85816849557595,0.022548822355042485,0,True
178711,26,6,native,67.90432694057624,0.8222955465316772,0.0038695954717695713,5.889728670201519,0.02256852278243776,0,True
178711,27,6,interleaved,65.48364448050658,0.8210965394973755,0.003869776614010334,5.8326405068358556,0.02261568489008136,0,True
178711,28,7,native,68.59971781571706,0.8222955465316772,0.0038695954717695713,5.889728670201519,0.02256852278243776,0,True
178711,29,7,original,64.88707611958186,0.8229674696922302,0.003873278619721532,5.880014430437092,0.022507567308699822,0,True
178711,30,7,interleaved,66.54320222636063,0.8210965394973755,0.003869776614010334,5.8326405068358556,0.02261568489008136,0,True
178711,31,7,remote_first,64.77451895674069,0.8223279714584351,0.003872366389259696,5.85816849557595,0.022548822355042485,0,True
178712,0,0,native,68.01310392717521,0.8222955465316772,0.0038695954717695713,5.889728670201519,0.02256852278243776,0,True
178712,1,0,original,65.34610465168953,0.8229674696922302,0.003873278619721532,5.880014430437092,0.022507567308699822,0,True
178712,2,0,interleaved,64.4626813630263,0.8210965394973755,0.003869776614010334,5.8326405068358556,0.02261568489008136,0,True
178712,3,0,remote_first,64.70947961012523,0.8223279714584351,0.003872366389259696,5.85816849557595,0.022548822355042485,0,True
178712,4,1,original,64.50463322301705,0.8229674696922302,0.003873278619721532,5.880014430437092,0.022507567308699822,0,True
178712,5,1,remote_first,64.5293810715278,0.8223279714584351,0.003872366389259696,5.85816849557595,0.022548822355042485,0,True
178712,6,1,native,67.06569232046604,0.8222955465316772,0.0038695954717695713,5.889728670201519,0.02256852278243776,0,True
178712,7,1,interleaved,64.34168107807636,0.8210965394973755,0.003869776614010334,5.8326405068358556,0.02261568489008136,0,True
178712,8,2,remote_first,64.35754423340161,0.8223279714584351,0.003872366389259696,5.85816849557595,0.022548822355042485,0,True
178712,9,2,interleaved,64.98487517237663,0.8210965394973755,0.003869776614010334,5.8326405068358556,0.02261568489008136,0,True
178712,10,2,original,64.52640468875568,0.8229674696922302,0.003873278619721532,5.880014430437092,0.022507567308699822,0,True
178712,11,2,native,67.8742352873087,0.8222955465316772,0.0038695954717695713,5.889728670201519,0.02256852278243776,0,True
178712,12,3,interleaved,64.40089754760265,0.8210965394973755,0.003869776614010334,5.8326405068358556,0.02261568489008136,0,True
178712,13,3,native,67.7182286977768,0.8222955465316772,0.0038695954717695713,5.889728670201519,0.02256852278243776,0,True
178712,14,3,remote_first,64.3719345331192,0.8223279714584351,0.003872366389259696,5.85816849557595,0.022548822355042485,0,True
178712,15,3,original,64.2661452293396,0.8229674696922302,0.003873278619721532,5.880014430437092,0.022507567308699822,0,True
178712,16,4,interleaved,64.2692503829797,0.8210965394973755,0.003869776614010334,5.8326405068358556,0.02261568489008136,0,True
178712,17,4,native,66.79592505097389,0.8222955465316772,0.0038695954717695713,5.889728670201519,0.02256852278243776,0,True
178712,18,4,remote_first,64.61456082761288,0.8223279714584351,0.003872366389259696,5.85816849557595,0.022548822355042485,0,True
178712,19,4,original,64.15617391467094,0.8229674696922302,0.003873278619721532,5.880014430437092,0.022507567308699822,0,True
178712,20,5,remote_first,64.1878134260575,0.8223279714584351,0.003872366389259696,5.85816849557595,0.022548822355042485,0,True
178712,21,5,interleaved,64.93075837691624,0.8210965394973755,0.003869776614010334,5.8326405068358556,0.02261568489008136,0,True
178712,22,5,original,64.02052280803521,0.8229674696922302,0.003873278619721532,5.880014430437092,0.022507567308699822,0,True
178712,23,5,native,67.32827387750149,0.8222955465316772,0.0038695954717695713,5.889728670201519,0.02256852278243776,0,True
178712,24,6,original,64.14955879251163,0.8229674696922302,0.003873278619721532,5.880014430437092,0.022507567308699822,0,True
178712,25,6,remote_first,64.83895828326543,0.8223279714584351,0.003872366389259696,5.85816849557595,0.022548822355042485,0,True
178712,26,6,native,67.95652136206627,0.8222955465316772,0.0038695954717695713,5.889728670201519,0.02256852278243776,0,True
178712,27,6,interleaved,64.07102234661579,0.8210965394973755,0.003869776614010334,5.8326405068358556,0.02261568489008136,0,True
178712,28,7,native,67.21887203554313,0.8222955465316772,0.0038695954717695713,5.889728670201519,0.02256852278243776,0,True
178712,29,7,original,64.89759534597397,0.8229674696922302,0.003873278619721532,5.880014430437092,0.022507567308699822,0,True
178712,30,7,interleaved,64.93280219535033,0.8210965394973755,0.003869776614010334,5.8326405068358556,0.02261568489008136,0,True
178712,31,7,remote_first,64.28797878324986,0.8223279714584351,0.003872366389259696,5.85816849557595,0.022548822355042485,0,True
