M,N,K_global,TP,policy,job178474_latency_reduction_percent,job178474_faster_blocks,job178474_max_cv_percent,job178475_latency_reduction_percent,job178475_faster_blocks,job178475_max_cv_percent
1024,4096,2048,4,remote_first,0.44793140482844995,4,1.069524495371211,0.7102717762312083,5,1.1156121988920005
1024,4096,2048,4,interleaved,1.1877125424100243,5,2.400732757458042,1.5685908700531326,5,1.2234284115324663
4096,4096,2048,4,remote_first,1.265655783478814,6,4.353231193916376,1.350446803889227,6,7.058907301646412
4096,4096,2048,4,interleaved,3.884594329395663,6,1.3976881483091048,4.389398394714828,6,2.0277239779168448
8192,4096,2048,4,remote_first,0.41193033575878113,5,3.0436511473125587,0.423711242480862,6,3.026370594106346
8192,4096,2048,4,interleaved,5.8354676458683645,6,1.6054536881932615,5.879375179676494,6,0.08285727522989943
1024,4096,8192,4,remote_first,0.3032320288857915,5,2.012889848322592,0.7467892810636312,6,5.78121833493172
1024,4096,8192,4,interleaved,0.26908534941043616,6,1.0187142651345418,0.04753604325756777,4,3.1374529873281696
4096,4096,8192,4,remote_first,2.6543696340940004,6,5.265288634483147,2.589003347342056,6,2.2364624709300567
4096,4096,8192,4,interleaved,2.5291056495625464,6,3.913822553486421,2.3663341432556217,6,0.5393995438137131
8192,4096,8192,4,remote_first,-0.7651525883106247,0,1.6394835841424014,-0.6193262490405083,0,1.4624042585295864
8192,4096,8192,4,interleaved,2.945865642240242,6,2.2336262943910885,2.9241787089821836,6,1.8397548187534671
4096,4160,8192,4,remote_first,0.48815650972531266,6,0.2622121769088471,0.5833027895050358,6,0.31017673921830957
4096,4160,8192,4,interleaved,-0.22711970821085448,2,0.5695097475887083,-0.22715283366907535,2,3.3166804074183687
